algo,cfg_id,elitism,fitness_mode,generations,init_constructive_ratio,init_strategy,mutation_strength,p_crossover,p_mut_move,p_mut_presence,p_mut_resupport,p_mut_rot,phase,pop_size,prob_presence_init,ratio_to_remove,report_mode,score_from_conv,seed,selection,source_file,threshold_keep_ratio,tournament_k
ga,a9fa0d64,2,penalized,300,0.2,mixed,0.15,0.7,0.1,0.05,0.0,0.1,A,300,0.7,0.1,strict,27720.0,0,tournament,ga_A_A000_rtr0.10_pm0.10_prs0.00_init0.2_pc0.7_a9fa0d64_seed0.csv,0.25,5
ga,a9fa0d64,2,penalized,300,0.2,mixed,0.15,0.7,0.1,0.05,0.0,0.1,A,300,0.7,0.1,strict,27474.0,1,tournament,ga_A_A000_rtr0.10_pm0.10_prs0.00_init0.2_pc0.7_a9fa0d64_seed1.csv,0.25,5
ga,a9fa0d64,2,penalized,300,0.2,mixed,0.15,0.7,0.1,0.05,0.0,0.1,A,300,0.7,0.1,strict,27461.0,2,tournament,ga_A_A000_rtr0.10_pm0.10_prs0.00_init0.2_pc0.7_a9fa0d64_seed2.csv,0.25,5
ga,cf291ff6,2,penalized,300,0.2,mixed,0.15,0.9,0.1,0.05,0.0,0.1,A,300,0.7,0.1,strict,28507.0,0,tournament,ga_A_A001_rtr0.10_pm0.10_prs0.00_init0.2_pc0.9_cf291ff6_seed0.csv,0.25,5
ga,cf291ff6,2,penalized,300,0.2,mixed,0.15,0.9,0.1,0.05,0.0,0.1,A,300,0.7,0.1,strict,27474.0,1,tournament,ga_A_A001_rtr0.10_pm0.10_prs0.00_init0.2_pc0.9_cf291ff6_seed1.csv,0.25,5
ga,cf291ff6,2,penalized,300,0.2,mixed,0.15,0.9,0.1,0.05,0.0,0.1,A,300,0.7,0.1,strict,27413.0,2,tournament,ga_A_A001_rtr0.10_pm0.10_prs0.00_init0.2_pc0.9_cf291ff6_seed2.csv,0.25,5
ga,2fc14040,2,penalized,300,1.0,mixed,0.15,0.7,0.1,0.05,0.0,0.1,A,300,0.7,0.1,strict,29369.0,0,tournament,ga_A_A002_rtr0.10_pm0.10_prs0.00_init1.0_pc0.7_2fc14040_seed0.csv,0.25,5
ga,2fc14040,2,penalized,300,1.0,mixed,0.15,0.7,0.1,0.05,0.0,0.1,A,300,0.7,0.1,strict,29454.0,1,tournament,ga_A_A002_rtr0.10_pm0.10_prs0.00_init1.0_pc0.7_2fc14040_seed1.csv,0.25,5
ga,2fc14040,2,penalized,300,1.0,mixed,0.15,0.7,0.1,0.05,0.0,0.1,A,300,0.7,0.1,strict,27330.0,2,tournament,ga_A_A002_rtr0.10_pm0.10_prs0.00_init1.0_pc0.7_2fc14040_seed2.csv,0.25,5
ga,d2595fe1,2,penalized,300,1.0,mixed,0.15,0.9,0.1,0.05,0.0,0.1,A,300,0.7,0.1,strict,29026.0,0,tournament,ga_A_A003_rtr0.10_pm0.10_prs0.00_init1.0_pc0.9_d2595fe1_seed0.csv,0.25,5
ga,d2595fe1,2,penalized,300,1.0,mixed,0.15,0.9,0.1,0.05,0.0,0.1,A,300,0.7,0.1,strict,29006.0,1,tournament,ga_A_A003_rtr0.10_pm0.10_prs0.00_init1.0_pc0.9_d2595fe1_seed1.csv,0.25,5
ga,d2595fe1,2,penalized,300,1.0,mixed,0.15,0.9,0.1,0.05,0.0,0.1,A,300,0.7,0.1,strict,27995.0,2,tournament,ga_A_A003_rtr0.10_pm0.10_prs0.00_init1.0_pc0.9_d2595fe1_seed2.csv,0.25,5
ga,ac2106b0,2,penalized,300,0.2,mixed,0.15,0.7,0.1,0.05,0.2,0.1,A,300,0.7,0.1,strict,24507.0,0,tournament,ga_A_A004_rtr0.10_pm0.10_prs0.20_init0.2_pc0.7_ac2106b0_seed0.csv,0.25,5
ga,ac2106b0,2,penalized,300,0.2,mixed,0.15,0.7,0.1,0.05,0.2,0.1,A,300,0.7,0.1,strict,25029.0,1,tournament,ga_A_A004_rtr0.10_pm0.10_prs0.20_init0.2_pc0.7_ac2106b0_seed1.csv,0.25,5
ga,ac2106b0,2,penalized,300,0.2,mixed,0.15,0.7,0.1,0.05,0.2,0.1,A,300,0.7,0.1,strict,24615.0,2,tournament,ga_A_A004_rtr0.10_pm0.10_prs0.20_init0.2_pc0.7_ac2106b0_seed2.csv,0.25,5
ga,e6d22247,2,penalized,300,0.2,mixed,0.15,0.9,0.1,0.05,0.2,0.1,A,300,0.7,0.1,strict,24342.0,0,tournament,ga_A_A005_rtr0.10_pm0.10_prs0.20_init0.2_pc0.9_e6d22247_seed0.csv,0.25,5
ga,e6d22247,2,penalized,300,0.2,mixed,0.15,0.9,0.1,0.05,0.2,0.1,A,300,0.7,0.1,strict,24896.0,1,tournament,ga_A_A005_rtr0.10_pm0.10_prs0.20_init0.2_pc0.9_e6d22247_seed1.csv,0.25,5
ga,e6d22247,2,penalized,300,0.2,mixed,0.15,0.9,0.1,0.05,0.2,0.1,A,300,0.7,0.1,strict,23839.0,2,tournament,ga_A_A005_rtr0.10_pm0.10_prs0.20_init0.2_pc0.9_e6d22247_seed2.csv,0.25,5
ga,37290ac9,2,penalized,300,1.0,mixed,0.15,0.7,0.1,0.05,0.2,0.1,A,300,0.7,0.1,strict,26594.0,0,tournament,ga_A_A006_rtr0.10_pm0.10_prs0.20_init1.0_pc0.7_37290ac9_seed0.csv,0.25,5
ga,37290ac9,2,penalized,300,1.0,mixed,0.15,0.7,0.1,0.05,0.2,0.1,A,300,0.7,0.1,strict,25756.0,1,tournament,ga_A_A006_rtr0.10_pm0.10_prs0.20_init1.0_pc0.7_37290ac9_seed1.csv,0.25,5
ga,37290ac9,2,penalized,300,1.0,mixed,0.15,0.7,0.1,0.05,0.2,0.1,A,300,0.7,0.1,strict,25390.0,2,tournament,ga_A_A006_rtr0.10_pm0.10_prs0.20_init1.0_pc0.7_37290ac9_seed2.csv,0.25,5
ga,30872cdf,2,penalized,300,1.0,mixed,0.15,0.9,0.1,0.05,0.2,0.1,A,300,0.7,0.1,strict,26894.0,0,tournament,ga_A_A007_rtr0.10_pm0.10_prs0.20_init1.0_pc0.9_30872cdf_seed0.csv,0.25,5
ga,30872cdf,2,penalized,300,1.0,mixed,0.15,0.9,0.1,0.05,0.2,0.1,A,300,0.7,0.1,strict,25536.0,1,tournament,ga_A_A007_rtr0.10_pm0.10_prs0.20_init1.0_pc0.9_30872cdf_seed1.csv,0.25,5
ga,30872cdf,2,penalized,300,1.0,mixed,0.15,0.9,0.1,0.05,0.2,0.1,A,300,0.7,0.1,strict,24890.0,2,tournament,ga_A_A007_rtr0.10_pm0.10_prs0.20_init1.0_pc0.9_30872cdf_seed2.csv,0.25,5
ga,06093dcc,2,penalized,300,0.2,mixed,0.15,0.7,0.1,0.05,0.4,0.1,A,300,0.7,0.1,strict,24207.0,0,tournament,ga_A_A008_rtr0.10_pm0.10_prs0.40_init0.2_pc0.7_06093dcc_seed0.csv,0.25,5
ga,06093dcc,2,penalized,300,0.2,mixed,0.15,0.7,0.1,0.05,0.4,0.1,A,300,0.7,0.1,strict,24896.0,1,tournament,ga_A_A008_rtr0.10_pm0.10_prs0.40_init0.2_pc0.7_06093dcc_seed1.csv,0.25,5
ga,06093dcc,2,penalized,300,0.2,mixed,0.15,0.7,0.1,0.05,0.4,0.1,A,300,0.7,0.1,strict,23714.0,2,tournament,ga_A_A008_rtr0.10_pm0.10_prs0.40_init0.2_pc0.7_06093dcc_seed2.csv,0.25,5
ga,c5c9f130,2,penalized,300,0.2,mixed,0.15,0.9,0.1,0.05,0.4,0.1,A,300,0.7,0.1,strict,24207.0,0,tournament,ga_A_A009_rtr0.10_pm0.10_prs0.40_init0.2_pc0.9_c5c9f130_seed0.csv,0.25,5
ga,c5c9f130,2,penalized,300,0.2,mixed,0.15,0.9,0.1,0.05,0.4,0.1,A,300,0.7,0.1,strict,24896.0,1,tournament,ga_A_A009_rtr0.10_pm0.10_prs0.40_init0.2_pc0.9_c5c9f130_seed1.csv,0.25,5
ga,c5c9f130,2,penalized,300,0.2,mixed,0.15,0.9,0.1,0.05,0.4,0.1,A,300,0.7,0.1,strict,23714.0,2,tournament,ga_A_A009_rtr0.10_pm0.10_prs0.40_init0.2_pc0.9_c5c9f130_seed2.csv,0.25,5
ga,1fd82e3f,2,penalized,300,1.0,mixed,0.15,0.7,0.1,0.05,0.4,0.1,A,300,0.7,0.1,strict,25425.0,0,tournament,ga_A_A010_rtr0.10_pm0.10_prs0.40_init1.0_pc0.7_1fd82e3f_seed0.csv,0.25,5
ga,1fd82e3f,2,penalized,300,1.0,mixed,0.15,0.7,0.1,0.05,0.4,0.1,A,300,0.7,0.1,strict,25193.0,1,tournament,ga_A_A010_rtr0.10_pm0.10_prs0.40_init1.0_pc0.7_1fd82e3f_seed1.csv,0.25,5
ga,1fd82e3f,2,penalized,300,1.0,mixed,0.15,0.7,0.1,0.05,0.4,0.1,A,300,0.7,0.1,strict,23943.0,2,tournament,ga_A_A010_rtr0.10_pm0.10_prs0.40_init1.0_pc0.7_1fd82e3f_seed2.csv,0.25,5
ga,4416fb40,2,penalized,300,1.0,mixed,0.15,0.9,0.1,0.05,0.4,0.1,A,300,0.7,0.1,strict,25425.0,0,tournament,ga_A_A011_rtr0.10_pm0.10_prs0.40_init1.0_pc0.9_4416fb40_seed0.csv,0.25,5
ga,4416fb40,2,penalized,300,1.0,mixed,0.15,0.9,0.1,0.05,0.4,0.1,A,300,0.7,0.1,strict,25193.0,1,tournament,ga_A_A011_rtr0.10_pm0.10_prs0.40_init1.0_pc0.9_4416fb40_seed1.csv,0.25,5
ga,4416fb40,2,penalized,300,1.0,mixed,0.15,0.9,0.1,0.05,0.4,0.1,A,300,0.7,0.1,strict,23766.0,2,tournament,ga_A_A011_rtr0.10_pm0.10_prs0.40_init1.0_pc0.9_4416fb40_seed2.csv,0.25,5
ga,0be6847f,2,penalized,300,0.2,mixed,0.15,0.7,0.2,0.05,0.0,0.1,A,300,0.7,0.1,strict,28507.0,0,tournament,ga_A_A012_rtr0.10_pm0.20_prs0.00_init0.2_pc0.7_0be6847f_seed0.csv,0.25,5
ga,0be6847f,2,penalized,300,0.2,mixed,0.15,0.7,0.2,0.05,0.0,0.1,A,300,0.7,0.1,strict,27474.0,1,tournament,ga_A_A012_rtr0.10_pm0.20_prs0.00_init0.2_pc0.7_0be6847f_seed1.csv,0.25,5
ga,0be6847f,2,penalized,300,0.2,mixed,0.15,0.7,0.2,0.05,0.0,0.1,A,300,0.7,0.1,strict,28204.0,2,tournament,ga_A_A012_rtr0.10_pm0.20_prs0.00_init0.2_pc0.7_0be6847f_seed2.csv,0.25,5
ga,97099a7a,2,penalized,300,0.2,mixed,0.15,0.9,0.2,0.05,0.0,0.1,A,300,0.7,0.1,strict,27995.0,0,tournament,ga_A_A013_rtr0.10_pm0.20_prs0.00_init0.2_pc0.9_97099a7a_seed0.csv,0.25,5
ga,97099a7a,2,penalized,300,0.2,mixed,0.15,0.9,0.2,0.05,0.0,0.1,A,300,0.7,0.1,strict,27986.0,1,tournament,ga_A_A013_rtr0.10_pm0.20_prs0.00_init0.2_pc0.9_97099a7a_seed1.csv,0.25,5
ga,97099a7a,2,penalized,300,0.2,mixed,0.15,0.9,0.2,0.05,0.0,0.1,A,300,0.7,0.1,strict,27692.0,2,tournament,ga_A_A013_rtr0.10_pm0.20_prs0.00_init0.2_pc0.9_97099a7a_seed2.csv,0.25,5
ga,0f093ffa,2,penalized,300,1.0,mixed,0.15,0.7,0.2,0.05,0.0,0.1,A,300,0.7,0.1,strict,29369.0,0,tournament,ga_A_A014_rtr0.10_pm0.20_prs0.00_init1.0_pc0.7_0f093ffa_seed0.csv,0.25,5
ga,0f093ffa,2,penalized,300,1.0,mixed,0.15,0.7,0.2,0.05,0.0,0.1,A,300,0.7,0.1,strict,29454.0,1,tournament,ga_A_A014_rtr0.10_pm0.20_prs0.00_init1.0_pc0.7_0f093ffa_seed1.csv,0.25,5
ga,0f093ffa,2,penalized,300,1.0,mixed,0.15,0.7,0.2,0.05,0.0,0.1,A,300,0.7,0.1,strict,28507.0,2,tournament,ga_A_A014_rtr0.10_pm0.20_prs0.00_init1.0_pc0.7_0f093ffa_seed2.csv,0.25,5
ga,4dad8632,2,penalized,300,1.0,mixed,0.15,0.9,0.2,0.05,0.0,0.1,A,300,0.7,0.1,strict,27724.0,0,tournament,ga_A_A015_rtr0.10_pm0.20_prs0.00_init1.0_pc0.9_4dad8632_seed0.csv,0.25,5
ga,4dad8632,2,penalized,300,1.0,mixed,0.15,0.9,0.2,0.05,0.0,0.1,A,300,0.7,0.1,strict,29006.0,1,tournament,ga_A_A015_rtr0.10_pm0.20_prs0.00_init1.0_pc0.9_4dad8632_seed1.csv,0.25,5
ga,4dad8632,2,penalized,300,1.0,mixed,0.15,0.9,0.2,0.05,0.0,0.1,A,300,0.7,0.1,strict,27330.0,2,tournament,ga_A_A015_rtr0.10_pm0.20_prs0.00_init1.0_pc0.9_4dad8632_seed2.csv,0.25,5
ga,cb50cc65,2,penalized,300,0.2,mixed,0.15,0.7,0.2,0.05,0.2,0.1,A,300,0.7,0.1,strict,24987.0,0,tournament,ga_A_A016_rtr0.10_pm0.20_prs0.20_init0.2_pc0.7_cb50cc65_seed0.csv,0.25,5
ga,cb50cc65,2,penalized,300,0.2,mixed,0.15,0.7,0.2,0.05,0.2,0.1,A,300,0.7,0.1,strict,24896.0,1,tournament,ga_A_A016_rtr0.10_pm0.20_prs0.20_init0.2_pc0.7_cb50cc65_seed1.csv,0.25,5
ga,cb50cc65,2,penalized,300,0.2,mixed,0.15,0.7,0.2,0.05,0.2,0.1,A,300,0.7,0.1,strict,25337.0,2,tournament,ga_A_A016_rtr0.10_pm0.20_prs0.20_init0.2_pc0.7_cb50cc65_seed2.csv,0.25,5
ga,25bb29b1,2,penalized,300,0.2,mixed,0.15,0.9,0.2,0.05,0.2,0.1,A,300,0.7,0.1,strict,24207.0,0,tournament,ga_A_A017_rtr0.10_pm0.20_prs0.20_init0.2_pc0.9_25bb29b1_seed0.csv,0.25,5
ga,25bb29b1,2,penalized,300,0.2,mixed,0.15,0.9,0.2,0.05,0.2,0.1,A,300,0.7,0.1,strict,24904.0,1,tournament,ga_A_A017_rtr0.10_pm0.20_prs0.20_init0.2_pc0.9_25bb29b1_seed1.csv,0.25,5
ga,25bb29b1,2,penalized,300,0.2,mixed,0.15,0.9,0.2,0.05,0.2,0.1,A,300,0.7,0.1,strict,23714.0,2,tournament,ga_A_A017_rtr0.10_pm0.20_prs0.20_init0.2_pc0.9_25bb29b1_seed2.csv,0.25,5
ga,63140c59,2,penalized,300,1.0,mixed,0.15,0.7,0.2,0.05,0.2,0.1,A,300,0.7,0.1,strict,27686.0,0,tournament,ga_A_A018_rtr0.10_pm0.20_prs0.20_init1.0_pc0.7_63140c59_seed0.csv,0.25,5
ga,63140c59,2,penalized,300,1.0,mixed,0.15,0.7,0.2,0.05,0.2,0.1,A,300,0.7,0.1,strict,26452.0,1,tournament,ga_A_A018_rtr0.10_pm0.20_prs0.20_init1.0_pc0.7_63140c59_seed1.csv,0.25,5
ga,63140c59,2,penalized,300,1.0,mixed,0.15,0.7,0.2,0.05,0.2,0.1,A,300,0.7,0.1,strict,25107.0,2,tournament,ga_A_A018_rtr0.10_pm0.20_prs0.20_init1.0_pc0.7_63140c59_seed2.csv,0.25,5
ga,7afb9ad8,2,penalized,300,1.0,mixed,0.15,0.9,0.2,0.05,0.2,0.1,A,300,0.7,0.1,strict,26862.0,0,tournament,ga_A_A019_rtr0.10_pm0.20_prs0.20_init1.0_pc0.9_7afb9ad8_seed0.csv,0.25,5
ga,7afb9ad8,2,penalized,300,1.0,mixed,0.15,0.9,0.2,0.05,0.2,0.1,A,300,0.7,0.1,strict,25193.0,1,tournament,ga_A_A019_rtr0.10_pm0.20_prs0.20_init1.0_pc0.9_7afb9ad8_seed1.csv,0.25,5
ga,7afb9ad8,2,penalized,300,1.0,mixed,0.15,0.9,0.2,0.05,0.2,0.1,A,300,0.7,0.1,strict,24710.0,2,tournament,ga_A_A019_rtr0.10_pm0.20_prs0.20_init1.0_pc0.9_7afb9ad8_seed2.csv,0.25,5
ga,19cc4633,2,penalized,300,0.2,mixed,0.15,0.7,0.2,0.05,0.4,0.1,A,300,0.7,0.1,strict,24207.0,0,tournament,ga_A_A020_rtr0.10_pm0.20_prs0.40_init0.2_pc0.7_19cc4633_seed0.csv,0.25,5
ga,19cc4633,2,penalized,300,0.2,mixed,0.15,0.7,0.2,0.05,0.4,0.1,A,300,0.7,0.1,strict,24896.0,1,tournament,ga_A_A020_rtr0.10_pm0.20_prs0.40_init0.2_pc0.7_19cc4633_seed1.csv,0.25,5
ga,19cc4633,2,penalized,300,0.2,mixed,0.15,0.7,0.2,0.05,0.4,0.1,A,300,0.7,0.1,strict,23714.0,2,tournament,ga_A_A020_rtr0.10_pm0.20_prs0.40_init0.2_pc0.7_19cc4633_seed2.csv,0.25,5
ga,7be73053,2,penalized,300,0.2,mixed,0.15,0.9,0.2,0.05,0.4,0.1,A,300,0.7,0.1,strict,24207.0,0,tournament,ga_A_A021_rtr0.10_pm0.20_prs0.40_init0.2_pc0.9_7be73053_seed0.csv,0.25,5
ga,7be73053,2,penalized,300,0.2,mixed,0.15,0.9,0.2,0.05,0.4,0.1,A,300,0.7,0.1,strict,24896.0,1,tournament,ga_A_A021_rtr0.10_pm0.20_prs0.40_init0.2_pc0.9_7be73053_seed1.csv,0.25,5
ga,7be73053,2,penalized,300,0.2,mixed,0.15,0.9,0.2,0.05,0.4,0.1,A,300,0.7,0.1,strict,23714.0,2,tournament,ga_A_A021_rtr0.10_pm0.20_prs0.40_init0.2_pc0.9_7be73053_seed2.csv,0.25,5
ga,9a27fdb1,2,penalized,300,1.0,mixed,0.15,0.7,0.2,0.05,0.4,0.1,A,300,0.7,0.1,strict,25425.0,0,tournament,ga_A_A022_rtr0.10_pm0.20_prs0.40_init1.0_pc0.7_9a27fdb1_seed0.csv,0.25,5
ga,9a27fdb1,2,penalized,300,1.0,mixed,0.15,0.7,0.2,0.05,0.4,0.1,A,300,0.7,0.1,strict,25193.0,1,tournament,ga_A_A022_rtr0.10_pm0.20_prs0.40_init1.0_pc0.7_9a27fdb1_seed1.csv,0.25,5
ga,9a27fdb1,2,penalized,300,1.0,mixed,0.15,0.7,0.2,0.05,0.4,0.1,A,300,0.7,0.1,strict,23679.0,2,tournament,ga_A_A022_rtr0.10_pm0.20_prs0.40_init1.0_pc0.7_9a27fdb1_seed2.csv,0.25,5
ga,da8db938,2,penalized,300,1.0,mixed,0.15,0.9,0.2,0.05,0.4,0.1,A,300,0.7,0.1,strict,25707.0,0,tournament,ga_A_A023_rtr0.10_pm0.20_prs0.40_init1.0_pc0.9_da8db938_seed0.csv,0.25,5
ga,da8db938,2,penalized,300,1.0,mixed,0.15,0.9,0.2,0.05,0.4,0.1,A,300,0.7,0.1,strict,25193.0,1,tournament,ga_A_A023_rtr0.10_pm0.20_prs0.40_init1.0_pc0.9_da8db938_seed1.csv,0.25,5
ga,da8db938,2,penalized,300,1.0,mixed,0.15,0.9,0.2,0.05,0.4,0.1,A,300,0.7,0.1,strict,23592.0,2,tournament,ga_A_A023_rtr0.10_pm0.20_prs0.40_init1.0_pc0.9_da8db938_seed2.csv,0.25,5
ga,0eb446bc,2,penalized,300,0.2,mixed,0.15,0.7,0.35,0.05,0.0,0.1,A,300,0.7,0.1,strict,27995.0,0,tournament,ga_A_A024_rtr0.10_pm0.35_prs0.00_init0.2_pc0.7_0eb446bc_seed0.csv,0.25,5
ga,0eb446bc,2,penalized,300,0.2,mixed,0.15,0.7,0.35,0.05,0.0,0.1,A,300,0.7,0.1,strict,27131.0,1,tournament,ga_A_A024_rtr0.10_pm0.35_prs0.00_init0.2_pc0.7_0eb446bc_seed1.csv,0.25,5
ga,0eb446bc,2,penalized,300,0.2,mixed,0.15,0.7,0.35,0.05,0.0,0.1,A,300,0.7,0.1,strict,27756.0,2,tournament,ga_A_A024_rtr0.10_pm0.35_prs0.00_init0.2_pc0.7_0eb446bc_seed2.csv,0.25,5
ga,647aa0bd,2,penalized,300,0.2,mixed,0.15,0.9,0.35,0.05,0.0,0.1,A,300,0.7,0.1,strict,27995.0,0,tournament,ga_A_A025_rtr0.10_pm0.35_prs0.00_init0.2_pc0.9_647aa0bd_seed0.csv,0.25,5
ga,647aa0bd,2,penalized,300,0.2,mixed,0.15,0.9,0.35,0.05,0.0,0.1,A,300,0.7,0.1,strict,27474.0,1,tournament,ga_A_A025_rtr0.10_pm0.35_prs0.00_init0.2_pc0.9_647aa0bd_seed1.csv,0.25,5
ga,647aa0bd,2,penalized,300,0.2,mixed,0.15,0.9,0.35,0.05,0.0,0.1,A,300,0.7,0.1,strict,26860.0,2,tournament,ga_A_A025_rtr0.10_pm0.35_prs0.00_init0.2_pc0.9_647aa0bd_seed2.csv,0.25,5
ga,72a98dfd,2,penalized,300,1.0,mixed,0.15,0.7,0.35,0.05,0.0,0.1,A,300,0.7,0.1,strict,29433.0,0,tournament,ga_A_A026_rtr0.10_pm0.35_prs0.00_init1.0_pc0.7_72a98dfd_seed0.csv,0.25,5
ga,72a98dfd,2,penalized,300,1.0,mixed,0.15,0.7,0.35,0.05,0.0,0.1,A,300,0.7,0.1,strict,29006.0,1,tournament,ga_A_A026_rtr0.10_pm0.35_prs0.00_init1.0_pc0.7_72a98dfd_seed1.csv,0.25,5
ga,72a98dfd,2,penalized,300,1.0,mixed,0.15,0.7,0.35,0.05,0.0,0.1,A,300,0.7,0.1,strict,27611.0,2,tournament,ga_A_A026_rtr0.10_pm0.35_prs0.00_init1.0_pc0.7_72a98dfd_seed2.csv,0.25,5
ga,8ce7036c,2,penalized,300,1.0,mixed,0.15,0.9,0.35,0.05,0.0,0.1,A,300,0.7,0.1,strict,29006.0,0,tournament,ga_A_A027_rtr0.10_pm0.35_prs0.00_init1.0_pc0.9_8ce7036c_seed0.csv,0.25,5
ga,8ce7036c,2,penalized,300,1.0,mixed,0.15,0.9,0.35,0.05,0.0,0.1,A,300,0.7,0.1,strict,29454.0,1,tournament,ga_A_A027_rtr0.10_pm0.35_prs0.00_init1.0_pc0.9_8ce7036c_seed1.csv,0.25,5
ga,8ce7036c,2,penalized,300,1.0,mixed,0.15,0.9,0.35,0.05,0.0,0.1,A,300,0.7,0.1,strict,26382.0,2,tournament,ga_A_A027_rtr0.10_pm0.35_prs0.00_init1.0_pc0.9_8ce7036c_seed2.csv,0.25,5
ga,ee055ac5,2,penalized,300,0.2,mixed,0.15,0.7,0.35,0.05,0.2,0.1,A,300,0.7,0.1,strict,25665.0,0,tournament,ga_A_A028_rtr0.10_pm0.35_prs0.20_init0.2_pc0.7_ee055ac5_seed0.csv,0.25,5
ga,ee055ac5,2,penalized,300,0.2,mixed,0.15,0.7,0.35,0.05,0.2,0.1,A,300,0.7,0.1,strict,25021.0,1,tournament,ga_A_A028_rtr0.10_pm0.35_prs0.20_init0.2_pc0.7_ee055ac5_seed1.csv,0.25,5
ga,ee055ac5,2,penalized,300,0.2,mixed,0.15,0.7,0.35,0.05,0.2,0.1,A,300,0.7,0.1,strict,24737.0,2,tournament,ga_A_A028_rtr0.10_pm0.35_prs0.20_init0.2_pc0.7_ee055ac5_seed2.csv,0.25,5
ga,9e65092c,2,penalized,300,0.2,mixed,0.15,0.9,0.35,0.05,0.2,0.1,A,300,0.7,0.1,strict,24207.0,0,tournament,ga_A_A029_rtr0.10_pm0.35_prs0.20_init0.2_pc0.9_9e65092c_seed0.csv,0.25,5
ga,9e65092c,2,penalized,300,0.2,mixed,0.15,0.9,0.35,0.05,0.2,0.1,A,300,0.7,0.1,strict,24896.0,1,tournament,ga_A_A029_rtr0.10_pm0.35_prs0.20_init0.2_pc0.9_9e65092c_seed1.csv,0.25,5
ga,9e65092c,2,penalized,300,0.2,mixed,0.15,0.9,0.35,0.05,0.2,0.1,A,300,0.7,0.1,strict,23875.0,2,tournament,ga_A_A029_rtr0.10_pm0.35_prs0.20_init0.2_pc0.9_9e65092c_seed2.csv,0.25,5
ga,748a2495,2,penalized,300,1.0,mixed,0.15,0.7,0.35,0.05,0.2,0.1,A,300,0.7,0.1,strict,27051.0,0,tournament,ga_A_A030_rtr0.10_pm0.35_prs0.20_init1.0_pc0.7_748a2495_seed0.csv,0.25,5
ga,748a2495,2,penalized,300,1.0,mixed,0.15,0.7,0.35,0.05,0.2,0.1,A,300,0.7,0.1,strict,26285.0,1,tournament,ga_A_A030_rtr0.10_pm0.35_prs0.20_init1.0_pc0.7_748a2495_seed1.csv,0.25,5
ga,748a2495,2,penalized,300,1.0,mixed,0.15,0.7,0.35,0.05,0.2,0.1,A,300,0.7,0.1,strict,24463.0,2,tournament,ga_A_A030_rtr0.10_pm0.35_prs0.20_init1.0_pc0.7_748a2495_seed2.csv,0.25,5
ga,61e08a0b,2,penalized,300,1.0,mixed,0.15,0.9,0.35,0.05,0.2,0.1,A,300,0.7,0.1,strict,25860.0,0,tournament,ga_A_A031_rtr0.10_pm0.35_prs0.20_init1.0_pc0.9_61e08a0b_seed0.csv,0.25,5
ga,61e08a0b,2,penalized,300,1.0,mixed,0.15,0.9,0.35,0.05,0.2,0.1,A,300,0.7,0.1,strict,25552.0,1,tournament,ga_A_A031_rtr0.10_pm0.35_prs0.20_init1.0_pc0.9_61e08a0b_seed1.csv,0.25,5
ga,61e08a0b,2,penalized,300,1.0,mixed,0.15,0.9,0.35,0.05,0.2,0.1,A,300,0.7,0.1,strict,24767.0,2,tournament,ga_A_A031_rtr0.10_pm0.35_prs0.20_init1.0_pc0.9_61e08a0b_seed2.csv,0.25,5
ga,bf728ec1,2,penalized,300,0.2,mixed,0.15,0.7,0.35,0.05,0.4,0.1,A,300,0.7,0.1,strict,24207.0,0,tournament,ga_A_A032_rtr0.10_pm0.35_prs0.40_init0.2_pc0.7_bf728ec1_seed0.csv,0.25,5
ga,bf728ec1,2,penalized,300,0.2,mixed,0.15,0.7,0.35,0.05,0.4,0.1,A,300,0.7,0.1,strict,24896.0,1,tournament,ga_A_A032_rtr0.10_pm0.35_prs0.40_init0.2_pc0.7_bf728ec1_seed1.csv,0.25,5
ga,bf728ec1,2,penalized,300,0.2,mixed,0.15,0.7,0.35,0.05,0.4,0.1,A,300,0.7,0.1,strict,23714.0,2,tournament,ga_A_A032_rtr0.10_pm0.35_prs0.40_init0.2_pc0.7_bf728ec1_seed2.csv,0.25,5
ga,6ac774cf,2,penalized,300,0.2,mixed,0.15,0.9,0.35,0.05,0.4,0.1,A,300,0.7,0.1,strict,24207.0,0,tournament,ga_A_A033_rtr0.10_pm0.35_prs0.40_init0.2_pc0.9_6ac774cf_seed0.csv,0.25,5
ga,6ac774cf,2,penalized,300,0.2,mixed,0.15,0.9,0.35,0.05,0.4,0.1,A,300,0.7,0.1,strict,24896.0,1,tournament,ga_A_A033_rtr0.10_pm0.35_prs0.40_init0.2_pc0.9_6ac774cf_seed1.csv,0.25,5
ga,6ac774cf,2,penalized,300,0.2,mixed,0.15,0.9,0.35,0.05,0.4,0.1,A,300,0.7,0.1,strict,23714.0,2,tournament,ga_A_A033_rtr0.10_pm0.35_prs0.40_init0.2_pc0.9_6ac774cf_seed2.csv,0.25,5
ga,5d9fda21,2,penalized,300,1.0,mixed,0.15,0.7,0.35,0.05,0.4,0.1,A,300,0.7,0.1,strict,25425.0,0,tournament,ga_A_A034_rtr0.10_pm0.35_prs0.40_init1.0_pc0.7_5d9fda21_seed0.csv,0.25,5
ga,5d9fda21,2,penalized,300,1.0,mixed,0.15,0.7,0.35,0.05,0.4,0.1,A,300,0.7,0.1,strict,25193.0,1,tournament,ga_A_A034_rtr0.10_pm0.35_prs0.40_init1.0_pc0.7_5d9fda21_seed1.csv,0.25,5
ga,5d9fda21,2,penalized,300,1.0,mixed,0.15,0.7,0.35,0.05,0.4,0.1,A,300,0.7,0.1,strict,23592.0,2,tournament,ga_A_A034_rtr0.10_pm0.35_prs0.40_init1.0_pc0.7_5d9fda21_seed2.csv,0.25,5
ga,a869c639,2,penalized,300,1.0,mixed,0.15,0.9,0.35,0.05,0.4,0.1,A,300,0.7,0.1,strict,25425.0,0,tournament,ga_A_A035_rtr0.10_pm0.35_prs0.40_init1.0_pc0.9_a869c639_seed0.csv,0.25,5
ga,a869c639,2,penalized,300,1.0,mixed,0.15,0.9,0.35,0.05,0.4,0.1,A,300,0.7,0.1,strict,25193.0,1,tournament,ga_A_A035_rtr0.10_pm0.35_prs0.40_init1.0_pc0.9_a869c639_seed1.csv,0.25,5
ga,a869c639,2,penalized,300,1.0,mixed,0.15,0.9,0.35,0.05,0.4,0.1,A,300,0.7,0.1,strict,23592.0,2,tournament,ga_A_A035_rtr0.10_pm0.35_prs0.40_init1.0_pc0.9_a869c639_seed2.csv,0.25,5
ga,78ef12cc,2,penalized,300,0.2,mixed,0.15,0.7,0.1,0.05,0.0,0.1,A,300,0.7,0.2,strict,28797.0,0,tournament,ga_A_A036_rtr0.20_pm0.10_prs0.00_init0.2_pc0.7_78ef12cc_seed0.csv,0.25,5
ga,78ef12cc,2,penalized,300,0.2,mixed,0.15,0.7,0.1,0.05,0.0,0.1,A,300,0.7,0.2,strict,27986.0,1,tournament,ga_A_A036_rtr0.20_pm0.10_prs0.00_init0.2_pc0.7_78ef12cc_seed1.csv,0.25,5
ga,78ef12cc,2,penalized,300,0.2,mixed,0.15,0.7,0.1,0.05,0.0,0.1,A,300,0.7,0.2,strict,26860.0,2,tournament,ga_A_A036_rtr0.20_pm0.10_prs0.00_init0.2_pc0.7_78ef12cc_seed2.csv,0.25,5
ga,22b98982,2,penalized,300,0.2,mixed,0.15,0.9,0.1,0.05,0.0,0.1,A,300,0.7,0.2,strict,27995.0,0,tournament,ga_A_A037_rtr0.20_pm0.10_prs0.00_init0.2_pc0.9_22b98982_seed0.csv,0.25,5
ga,22b98982,2,penalized,300,0.2,mixed,0.15,0.9,0.1,0.05,0.0,0.1,A,300,0.7,0.2,strict,27474.0,1,tournament,ga_A_A037_rtr0.20_pm0.10_prs0.00_init0.2_pc0.9_22b98982_seed1.csv,0.25,5
ga,22b98982,2,penalized,300,0.2,mixed,0.15,0.9,0.1,0.05,0.0,0.1,A,300,0.7,0.2,strict,26796.0,2,tournament,ga_A_A037_rtr0.20_pm0.10_prs0.00_init0.2_pc0.9_22b98982_seed2.csv,0.25,5
ga,303e75bc,2,penalized,300,1.0,mixed,0.15,0.7,0.1,0.05,0.0,0.1,A,300,0.7,0.2,strict,29369.0,0,tournament,ga_A_A038_rtr0.20_pm0.10_prs0.00_init1.0_pc0.7_303e75bc_seed0.csv,0.25,5
ga,303e75bc,2,penalized,300,1.0,mixed,0.15,0.7,0.1,0.05,0.0,0.1,A,300,0.7,0.2,strict,28058.0,1,tournament,ga_A_A038_rtr0.20_pm0.10_prs0.00_init1.0_pc0.7_303e75bc_seed1.csv,0.25,5
ga,303e75bc,2,penalized,300,1.0,mixed,0.15,0.7,0.1,0.05,0.0,0.1,A,300,0.7,0.2,strict,28788.0,2,tournament,ga_A_A038_rtr0.20_pm0.10_prs0.00_init1.0_pc0.7_303e75bc_seed2.csv,0.25,5
ga,6bd8c98b,2,penalized,300,1.0,mixed,0.15,0.9,0.1,0.05,0.0,0.1,A,300,0.7,0.2,strict,28725.0,0,tournament,ga_A_A039_rtr0.20_pm0.10_prs0.00_init1.0_pc0.9_6bd8c98b_seed0.csv,0.25,5
ga,6bd8c98b,2,penalized,300,1.0,mixed,0.15,0.9,0.1,0.05,0.0,0.1,A,300,0.7,0.2,strict,29006.0,1,tournament,ga_A_A039_rtr0.20_pm0.10_prs0.00_init1.0_pc0.9_6bd8c98b_seed1.csv,0.25,5
ga,6bd8c98b,2,penalized,300,1.0,mixed,0.15,0.9,0.1,0.05,0.0,0.1,A,300,0.7,0.2,strict,27995.0,2,tournament,ga_A_A039_rtr0.20_pm0.10_prs0.00_init1.0_pc0.9_6bd8c98b_seed2.csv,0.25,5
ga,4498aacf,2,penalized,300,0.2,mixed,0.15,0.7,0.1,0.05,0.2,0.1,A,300,0.7,0.2,strict,25032.0,0,tournament,ga_A_A040_rtr0.20_pm0.10_prs0.20_init0.2_pc0.7_4498aacf_seed0.csv,0.25,5
ga,4498aacf,2,penalized,300,0.2,mixed,0.15,0.7,0.1,0.05,0.2,0.1,A,300,0.7,0.2,strict,25359.0,1,tournament,ga_A_A040_rtr0.20_pm0.10_prs0.20_init0.2_pc0.7_4498aacf_seed1.csv,0.25,5
ga,4498aacf,2,penalized,300,0.2,mixed,0.15,0.7,0.1,0.05,0.2,0.1,A,300,0.7,0.2,strict,24783.0,2,tournament,ga_A_A040_rtr0.20_pm0.10_prs0.20_init0.2_pc0.7_4498aacf_seed2.csv,0.25,5
ga,eb3b127a,2,penalized,300,0.2,mixed,0.15,0.9,0.1,0.05,0.2,0.1,A,300,0.7,0.2,strict,24207.0,0,tournament,ga_A_A041_rtr0.20_pm0.10_prs0.20_init0.2_pc0.9_eb3b127a_seed0.csv,0.25,5
ga,eb3b127a,2,penalized,300,0.2,mixed,0.15,0.9,0.1,0.05,0.2,0.1,A,300,0.7,0.2,strict,24896.0,1,tournament,ga_A_A041_rtr0.20_pm0.10_prs0.20_init0.2_pc0.9_eb3b127a_seed1.csv,0.25,5
ga,eb3b127a,2,penalized,300,0.2,mixed,0.15,0.9,0.1,0.05,0.2,0.1,A,300,0.7,0.2,strict,24658.0,2,tournament,ga_A_A041_rtr0.20_pm0.10_prs0.20_init0.2_pc0.9_eb3b127a_seed2.csv,0.25,5
ga,1b2bdc00,2,penalized,300,1.0,mixed,0.15,0.7,0.1,0.05,0.2,0.1,A,300,0.7,0.2,strict,25708.0,0,tournament,ga_A_A042_rtr0.20_pm0.10_prs0.20_init1.0_pc0.7_1b2bdc00_seed0.csv,0.25,5
ga,1b2bdc00,2,penalized,300,1.0,mixed,0.15,0.7,0.1,0.05,0.2,0.1,A,300,0.7,0.2,strict,26565.0,1,tournament,ga_A_A042_rtr0.20_pm0.10_prs0.20_init1.0_pc0.7_1b2bdc00_seed1.csv,0.25,5
ga,1b2bdc00,2,penalized,300,1.0,mixed,0.15,0.7,0.1,0.05,0.2,0.1,A,300,0.7,0.2,strict,25713.0,2,tournament,ga_A_A042_rtr0.20_pm0.10_prs0.20_init1.0_pc0.7_1b2bdc00_seed2.csv,0.25,5
ga,d2f027ac,2,penalized,300,1.0,mixed,0.15,0.9,0.1,0.05,0.2,0.1,A,300,0.7,0.2,strict,25815.0,0,tournament,ga_A_A043_rtr0.20_pm0.10_prs0.20_init1.0_pc0.9_d2f027ac_seed0.csv,0.25,5
ga,d2f027ac,2,penalized,300,1.0,mixed,0.15,0.9,0.1,0.05,0.2,0.1,A,300,0.7,0.2,strict,25819.0,1,tournament,ga_A_A043_rtr0.20_pm0.10_prs0.20_init1.0_pc0.9_d2f027ac_seed1.csv,0.25,5
ga,d2f027ac,2,penalized,300,1.0,mixed,0.15,0.9,0.1,0.05,0.2,0.1,A,300,0.7,0.2,strict,24470.0,2,tournament,ga_A_A043_rtr0.20_pm0.10_prs0.20_init1.0_pc0.9_d2f027ac_seed2.csv,0.25,5
ga,2bb54998,2,penalized,300,0.2,mixed,0.15,0.7,0.1,0.05,0.4,0.1,A,300,0.7,0.2,strict,24207.0,0,tournament,ga_A_A044_rtr0.20_pm0.10_prs0.40_init0.2_pc0.7_2bb54998_seed0.csv,0.25,5
ga,2bb54998,2,penalized,300,0.2,mixed,0.15,0.7,0.1,0.05,0.4,0.1,A,300,0.7,0.2,strict,24896.0,1,tournament,ga_A_A044_rtr0.20_pm0.10_prs0.40_init0.2_pc0.7_2bb54998_seed1.csv,0.25,5
ga,2bb54998,2,penalized,300,0.2,mixed,0.15,0.7,0.1,0.05,0.4,0.1,A,300,0.7,0.2,strict,23714.0,2,tournament,ga_A_A044_rtr0.20_pm0.10_prs0.40_init0.2_pc0.7_2bb54998_seed2.csv,0.25,5
ga,bec04674,2,penalized,300,0.2,mixed,0.15,0.9,0.1,0.05,0.4,0.1,A,300,0.7,0.2,strict,24207.0,0,tournament,ga_A_A045_rtr0.20_pm0.10_prs0.40_init0.2_pc0.9_bec04674_seed0.csv,0.25,5
ga,bec04674,2,penalized,300,0.2,mixed,0.15,0.9,0.1,0.05,0.4,0.1,A,300,0.7,0.2,strict,24896.0,1,tournament,ga_A_A045_rtr0.20_pm0.10_prs0.40_init0.2_pc0.9_bec04674_seed1.csv,0.25,5
ga,bec04674,2,penalized,300,0.2,mixed,0.15,0.9,0.1,0.05,0.4,0.1,A,300,0.7,0.2,strict,23714.0,2,tournament,ga_A_A045_rtr0.20_pm0.10_prs0.40_init0.2_pc0.9_bec04674_seed2.csv,0.25,5
ga,962ac64c,2,penalized,300,1.0,mixed,0.15,0.7,0.1,0.05,0.4,0.1,A,300,0.7,0.2,strict,25567.0,0,tournament,ga_A_A046_rtr0.20_pm0.10_prs0.40_init1.0_pc0.7_962ac64c_seed0.csv,0.25,5
ga,962ac64c,2,penalized,300,1.0,mixed,0.15,0.7,0.1,0.05,0.4,0.1,A,300,0.7,0.2,strict,25193.0,1,tournament,ga_A_A046_rtr0.20_pm0.10_prs0.40_init1.0_pc0.7_962ac64c_seed1.csv,0.25,5
ga,962ac64c,2,penalized,300,1.0,mixed,0.15,0.7,0.1,0.05,0.4,0.1,A,300,0.7,0.2,strict,23592.0,2,tournament,ga_A_A046_rtr0.20_pm0.10_prs0.40_init1.0_pc0.7_962ac64c_seed2.csv,0.25,5
ga,4f6c6bea,2,penalized,300,1.0,mixed,0.15,0.9,0.1,0.05,0.4,0.1,A,300,0.7,0.2,strict,25425.0,0,tournament,ga_A_A047_rtr0.20_pm0.10_prs0.40_init1.0_pc0.9_4f6c6bea_seed0.csv,0.25,5
ga,4f6c6bea,2,penalized,300,1.0,mixed,0.15,0.9,0.1,0.05,0.4,0.1,A,300,0.7,0.2,strict,25336.0,1,tournament,ga_A_A047_rtr0.20_pm0.10_prs0.40_init1.0_pc0.9_4f6c6bea_seed1.csv,0.25,5
ga,4f6c6bea,2,penalized,300,1.0,mixed,0.15,0.9,0.1,0.05,0.4,0.1,A,300,0.7,0.2,strict,23592.0,2,tournament,ga_A_A047_rtr0.20_pm0.10_prs0.40_init1.0_pc0.9_4f6c6bea_seed2.csv,0.25,5
ga,c16f6f40,2,penalized,300,0.2,mixed,0.15,0.7,0.2,0.05,0.0,0.1,A,300,0.7,0.2,strict,28507.0,0,tournament,ga_A_A048_rtr0.20_pm0.20_prs0.00_init0.2_pc0.7_c16f6f40_seed0.csv,0.25,5
ga,c16f6f40,2,penalized,300,0.2,mixed,0.15,0.7,0.2,0.05,0.0,0.1,A,300,0.7,0.2,strict,27986.0,1,tournament,ga_A_A048_rtr0.20_pm0.20_prs0.00_init0.2_pc0.7_c16f6f40_seed1.csv,0.25,5
ga,c16f6f40,2,penalized,300,0.2,mixed,0.15,0.7,0.2,0.05,0.0,0.1,A,300,0.7,0.2,strict,26348.0,2,tournament,ga_A_A048_rtr0.20_pm0.20_prs0.00_init0.2_pc0.7_c16f6f40_seed2.csv,0.25,5
ga,9b6a26e3,2,penalized,300,0.2,mixed,0.15,0.9,0.2,0.05,0.0,0.1,A,300,0.7,0.2,strict,28507.0,0,tournament,ga_A_A049_rtr0.20_pm0.20_prs0.00_init0.2_pc0.9_9b6a26e3_seed0.csv,0.25,5
ga,9b6a26e3,2,penalized,300,0.2,mixed,0.15,0.9,0.2,0.05,0.0,0.1,A,300,0.7,0.2,strict,27986.0,1,tournament,ga_A_A049_rtr0.20_pm0.20_prs0.00_init0.2_pc0.9_9b6a26e3_seed1.csv,0.25,5
ga,9b6a26e3,2,penalized,300,0.2,mixed,0.15,0.9,0.2,0.05,0.0,0.1,A,300,0.7,0.2,strict,27756.0,2,tournament,ga_A_A049_rtr0.20_pm0.20_prs0.00_init0.2_pc0.9_9b6a26e3_seed2.csv,0.25,5
ga,c774eab8,2,penalized,300,1.0,mixed,0.15,0.7,0.2,0.05,0.0,0.1,A,300,0.7,0.2,strict,29369.0,0,tournament,ga_A_A050_rtr0.20_pm0.20_prs0.00_init1.0_pc0.7_c774eab8_seed0.csv,0.25,5
ga,c774eab8,2,penalized,300,1.0,mixed,0.15,0.7,0.2,0.05,0.0,0.1,A,300,0.7,0.2,strict,29006.0,1,tournament,ga_A_A050_rtr0.20_pm0.20_prs0.00_init1.0_pc0.7_c774eab8_seed1.csv,0.25,5
ga,c774eab8,2,penalized,300,1.0,mixed,0.15,0.7,0.2,0.05,0.0,0.1,A,300,0.7,0.2,strict,25422.0,2,tournament,ga_A_A050_rtr0.20_pm0.20_prs0.00_init1.0_pc0.7_c774eab8_seed2.csv,0.25,5
ga,38985d38,2,penalized,300,1.0,mixed,0.15,0.9,0.2,0.05,0.0,0.1,A,300,0.7,0.2,strict,28921.0,0,tournament,ga_A_A051_rtr0.20_pm0.20_prs0.00_init1.0_pc0.9_38985d38_seed0.csv,0.25,5
ga,38985d38,2,penalized,300,1.0,mixed,0.15,0.9,0.2,0.05,0.0,0.1,A,300,0.7,0.2,strict,28663.0,1,tournament,ga_A_A051_rtr0.20_pm0.20_prs0.00_init1.0_pc0.9_38985d38_seed1.csv,0.25,5
ga,38985d38,2,penalized,300,1.0,mixed,0.15,0.9,0.2,0.05,0.0,0.1,A,300,0.7,0.2,strict,25486.0,2,tournament,ga_A_A051_rtr0.20_pm0.20_prs0.00_init1.0_pc0.9_38985d38_seed2.csv,0.25,5
ga,1fc839ea,2,penalized,300,0.2,mixed,0.15,0.7,0.2,0.05,0.2,0.1,A,300,0.7,0.2,strict,26572.0,0,tournament,ga_A_A052_rtr0.20_pm0.20_prs0.20_init0.2_pc0.7_1fc839ea_seed0.csv,0.25,5
ga,1fc839ea,2,penalized,300,0.2,mixed,0.15,0.7,0.2,0.05,0.2,0.1,A,300,0.7,0.2,strict,25262.0,1,tournament,ga_A_A052_rtr0.20_pm0.20_prs0.20_init0.2_pc0.7_1fc839ea_seed1.csv,0.25,5
ga,1fc839ea,2,penalized,300,0.2,mixed,0.15,0.7,0.2,0.05,0.2,0.1,A,300,0.7,0.2,strict,24510.0,2,tournament,ga_A_A052_rtr0.20_pm0.20_prs0.20_init0.2_pc0.7_1fc839ea_seed2.csv,0.25,5
ga,8ceb8e37,2,penalized,300,0.2,mixed,0.15,0.9,0.2,0.05,0.2,0.1,A,300,0.7,0.2,strict,24215.0,0,tournament,ga_A_A053_rtr0.20_pm0.20_prs0.20_init0.2_pc0.9_8ceb8e37_seed0.csv,0.25,5
ga,8ceb8e37,2,penalized,300,0.2,mixed,0.15,0.9,0.2,0.05,0.2,0.1,A,300,0.7,0.2,strict,24896.0,1,tournament,ga_A_A053_rtr0.20_pm0.20_prs0.20_init0.2_pc0.9_8ceb8e37_seed1.csv,0.25,5
ga,8ceb8e37,2,penalized,300,0.2,mixed,0.15,0.9,0.2,0.05,0.2,0.1,A,300,0.7,0.2,strict,24804.0,2,tournament,ga_A_A053_rtr0.20_pm0.20_prs0.20_init0.2_pc0.9_8ceb8e37_seed2.csv,0.25,5
ga,f2105295,2,penalized,300,1.0,mixed,0.15,0.7,0.2,0.05,0.2,0.1,A,300,0.7,0.2,strict,26996.0,0,tournament,ga_A_A054_rtr0.20_pm0.20_prs0.20_init1.0_pc0.7_f2105295_seed0.csv,0.25,5
ga,f2105295,2,penalized,300,1.0,mixed,0.15,0.7,0.2,0.05,0.2,0.1,A,300,0.7,0.2,strict,26659.0,1,tournament,ga_A_A054_rtr0.20_pm0.20_prs0.20_init1.0_pc0.7_f2105295_seed1.csv,0.25,5
ga,f2105295,2,penalized,300,1.0,mixed,0.15,0.7,0.2,0.05,0.2,0.1,A,300,0.7,0.2,strict,26348.0,2,tournament,ga_A_A054_rtr0.20_pm0.20_prs0.20_init1.0_pc0.7_f2105295_seed2.csv,0.25,5
ga,18ed5689,2,penalized,300,1.0,mixed,0.15,0.9,0.2,0.05,0.2,0.1,A,300,0.7,0.2,strict,25707.0,0,tournament,ga_A_A055_rtr0.20_pm0.20_prs0.20_init1.0_pc0.9_18ed5689_seed0.csv,0.25,5
ga,18ed5689,2,penalized,300,1.0,mixed,0.15,0.9,0.2,0.05,0.2,0.1,A,300,0.7,0.2,strict,25628.0,1,tournament,ga_A_A055_rtr0.20_pm0.20_prs0.20_init1.0_pc0.9_18ed5689_seed1.csv,0.25,5
ga,18ed5689,2,penalized,300,1.0,mixed,0.15,0.9,0.2,0.05,0.2,0.1,A,300,0.7,0.2,strict,24328.0,2,tournament,ga_A_A055_rtr0.20_pm0.20_prs0.20_init1.0_pc0.9_18ed5689_seed2.csv,0.25,5
ga,28ca2e92,2,penalized,300,0.2,mixed,0.15,0.7,0.2,0.05,0.4,0.1,A,300,0.7,0.2,strict,24207.0,0,tournament,ga_A_A056_rtr0.20_pm0.20_prs0.40_init0.2_pc0.7_28ca2e92_seed0.csv,0.25,5
ga,28ca2e92,2,penalized,300,0.2,mixed,0.15,0.7,0.2,0.05,0.4,0.1,A,300,0.7,0.2,strict,24896.0,1,tournament,ga_A_A056_rtr0.20_pm0.20_prs0.40_init0.2_pc0.7_28ca2e92_seed1.csv,0.25,5
ga,28ca2e92,2,penalized,300,0.2,mixed,0.15,0.7,0.2,0.05,0.4,0.1,A,300,0.7,0.2,strict,23714.0,2,tournament,ga_A_A056_rtr0.20_pm0.20_prs0.40_init0.2_pc0.7_28ca2e92_seed2.csv,0.25,5
ga,9ecbe3f1,2,penalized,300,0.2,mixed,0.15,0.9,0.2,0.05,0.4,0.1,A,300,0.7,0.2,strict,24207.0,0,tournament,ga_A_A057_rtr0.20_pm0.20_prs0.40_init0.2_pc0.9_9ecbe3f1_seed0.csv,0.25,5
ga,9ecbe3f1,2,penalized,300,0.2,mixed,0.15,0.9,0.2,0.05,0.4,0.1,A,300,0.7,0.2,strict,24896.0,1,tournament,ga_A_A057_rtr0.20_pm0.20_prs0.40_init0.2_pc0.9_9ecbe3f1_seed1.csv,0.25,5
ga,9ecbe3f1,2,penalized,300,0.2,mixed,0.15,0.9,0.2,0.05,0.4,0.1,A,300,0.7,0.2,strict,23714.0,2,tournament,ga_A_A057_rtr0.20_pm0.20_prs0.40_init0.2_pc0.9_9ecbe3f1_seed2.csv,0.25,5
ga,ccec72e6,2,penalized,300,1.0,mixed,0.15,0.7,0.2,0.05,0.4,0.1,A,300,0.7,0.2,strict,25425.0,0,tournament,ga_A_A058_rtr0.20_pm0.20_prs0.40_init1.0_pc0.7_ccec72e6_seed0.csv,0.25,5
ga,ccec72e6,2,penalized,300,1.0,mixed,0.15,0.7,0.2,0.05,0.4,0.1,A,300,0.7,0.2,strict,25193.0,1,tournament,ga_A_A058_rtr0.20_pm0.20_prs0.40_init1.0_pc0.7_ccec72e6_seed1.csv,0.25,5
ga,ccec72e6,2,penalized,300,1.0,mixed,0.15,0.7,0.2,0.05,0.4,0.1,A,300,0.7,0.2,strict,23592.0,2,tournament,ga_A_A058_rtr0.20_pm0.20_prs0.40_init1.0_pc0.7_ccec72e6_seed2.csv,0.25,5
ga,c090ca13,2,penalized,300,1.0,mixed,0.15,0.9,0.2,0.05,0.4,0.1,A,300,0.7,0.2,strict,25425.0,0,tournament,ga_A_A059_rtr0.20_pm0.20_prs0.40_init1.0_pc0.9_c090ca13_seed0.csv,0.25,5
ga,c090ca13,2,penalized,300,1.0,mixed,0.15,0.9,0.2,0.05,0.4,0.1,A,300,0.7,0.2,strict,25193.0,1,tournament,ga_A_A059_rtr0.20_pm0.20_prs0.40_init1.0_pc0.9_c090ca13_seed1.csv,0.25,5
ga,c090ca13,2,penalized,300,1.0,mixed,0.15,0.9,0.2,0.05,0.4,0.1,A,300,0.7,0.2,strict,23592.0,2,tournament,ga_A_A059_rtr0.20_pm0.20_prs0.40_init1.0_pc0.9_c090ca13_seed2.csv,0.25,5
ga,ffc6e301,2,penalized,300,0.2,mixed,0.15,0.7,0.35,0.05,0.0,0.1,A,300,0.7,0.2,strict,28797.0,0,tournament,ga_A_A060_rtr0.20_pm0.35_prs0.00_init0.2_pc0.7_ffc6e301_seed0.csv,0.25,5
ga,ffc6e301,2,penalized,300,0.2,mixed,0.15,0.7,0.35,0.05,0.0,0.1,A,300,0.7,0.2,strict,27986.0,1,tournament,ga_A_A060_rtr0.20_pm0.35_prs0.00_init0.2_pc0.7_ffc6e301_seed1.csv,0.25,5
ga,ffc6e301,2,penalized,300,0.2,mixed,0.15,0.7,0.35,0.05,0.0,0.1,A,300,0.7,0.2,strict,26901.0,2,tournament,ga_A_A060_rtr0.20_pm0.35_prs0.00_init0.2_pc0.7_ffc6e301_seed2.csv,0.25,5
ga,bcb24e84,2,penalized,300,0.2,mixed,0.15,0.9,0.35,0.05,0.0,0.1,A,300,0.7,0.2,strict,27957.0,0,tournament,ga_A_A061_rtr0.20_pm0.35_prs0.00_init0.2_pc0.9_bcb24e84_seed0.csv,0.25,5
ga,bcb24e84,2,penalized,300,0.2,mixed,0.15,0.9,0.35,0.05,0.0,0.1,A,300,0.7,0.2,strict,27986.0,1,tournament,ga_A_A061_rtr0.20_pm0.35_prs0.00_init0.2_pc0.9_bcb24e84_seed1.csv,0.25,5
ga,bcb24e84,2,penalized,300,0.2,mixed,0.15,0.9,0.35,0.05,0.0,0.1,A,300,0.7,0.2,strict,26284.0,2,tournament,ga_A_A061_rtr0.20_pm0.35_prs0.00_init0.2_pc0.9_bcb24e84_seed2.csv,0.25,5
ga,8c59cc81,2,penalized,300,1.0,mixed,0.15,0.7,0.35,0.05,0.0,0.1,A,300,0.7,0.2,strict,28725.0,0,tournament,ga_A_A062_rtr0.20_pm0.35_prs0.00_init1.0_pc0.7_8c59cc81_seed0.csv,0.25,5
ga,8c59cc81,2,penalized,300,1.0,mixed,0.15,0.7,0.35,0.05,0.0,0.1,A,300,0.7,0.2,strict,29006.0,1,tournament,ga_A_A062_rtr0.20_pm0.35_prs0.00_init1.0_pc0.7_8c59cc81_seed1.csv,0.25,5
ga,8c59cc81,2,penalized,300,1.0,mixed,0.15,0.7,0.35,0.05,0.0,0.1,A,300,0.7,0.2,strict,27330.0,2,tournament,ga_A_A062_rtr0.20_pm0.35_prs0.00_init1.0_pc0.7_8c59cc81_seed2.csv,0.25,5
ga,5efe19be,2,penalized,300,1.0,mixed,0.15,0.9,0.35,0.05,0.0,0.1,A,300,0.7,0.2,strict,28921.0,0,tournament,ga_A_A063_rtr0.20_pm0.35_prs0.00_init1.0_pc0.9_5efe19be_seed0.csv,0.25,5
ga,5efe19be,2,penalized,300,1.0,mixed,0.15,0.9,0.35,0.05,0.0,0.1,A,300,0.7,0.2,strict,29454.0,1,tournament,ga_A_A063_rtr0.20_pm0.35_prs0.00_init1.0_pc0.9_5efe19be_seed1.csv,0.25,5
ga,5efe19be,2,penalized,300,1.0,mixed,0.15,0.9,0.35,0.05,0.0,0.1,A,300,0.7,0.2,strict,27778.0,2,tournament,ga_A_A063_rtr0.20_pm0.35_prs0.00_init1.0_pc0.9_5efe19be_seed2.csv,0.25,5
ga,f1943204,2,penalized,300,0.2,mixed,0.15,0.7,0.35,0.05,0.2,0.1,A,300,0.7,0.2,strict,24332.0,0,tournament,ga_A_A064_rtr0.20_pm0.35_prs0.20_init0.2_pc0.7_f1943204_seed0.csv,0.25,5
ga,f1943204,2,penalized,300,0.2,mixed,0.15,0.7,0.35,0.05,0.2,0.1,A,300,0.7,0.2,strict,25242.0,1,tournament,ga_A_A064_rtr0.20_pm0.35_prs0.20_init0.2_pc0.7_f1943204_seed1.csv,0.25,5
ga,f1943204,2,penalized,300,0.2,mixed,0.15,0.7,0.35,0.05,0.2,0.1,A,300,0.7,0.2,strict,24600.0,2,tournament,ga_A_A064_rtr0.20_pm0.35_prs0.20_init0.2_pc0.7_f1943204_seed2.csv,0.25,5
ga,468fb500,2,penalized,300,0.2,mixed,0.15,0.9,0.35,0.05,0.2,0.1,A,300,0.7,0.2,strict,24207.0,0,tournament,ga_A_A065_rtr0.20_pm0.35_prs0.20_init0.2_pc0.9_468fb500_seed0.csv,0.25,5
ga,468fb500,2,penalized,300,0.2,mixed,0.15,0.9,0.35,0.05,0.2,0.1,A,300,0.7,0.2,strict,24896.0,1,tournament,ga_A_A065_rtr0.20_pm0.35_prs0.20_init0.2_pc0.9_468fb500_seed1.csv,0.25,5
ga,468fb500,2,penalized,300,0.2,mixed,0.15,0.9,0.35,0.05,0.2,0.1,A,300,0.7,0.2,strict,23714.0,2,tournament,ga_A_A065_rtr0.20_pm0.35_prs0.20_init0.2_pc0.9_468fb500_seed2.csv,0.25,5
ga,6a5f7bc4,2,penalized,300,1.0,mixed,0.15,0.7,0.35,0.05,0.2,0.1,A,300,0.7,0.2,strict,26802.0,0,tournament,ga_A_A066_rtr0.20_pm0.35_prs0.20_init1.0_pc0.7_6a5f7bc4_seed0.csv,0.25,5
ga,6a5f7bc4,2,penalized,300,1.0,mixed,0.15,0.7,0.35,0.05,0.2,0.1,A,300,0.7,0.2,strict,26635.0,1,tournament,ga_A_A066_rtr0.20_pm0.35_prs0.20_init1.0_pc0.7_6a5f7bc4_seed1.csv,0.25,5
ga,6a5f7bc4,2,penalized,300,1.0,mixed,0.15,0.7,0.35,0.05,0.2,0.1,A,300,0.7,0.2,strict,24884.0,2,tournament,ga_A_A066_rtr0.20_pm0.35_prs0.20_init1.0_pc0.7_6a5f7bc4_seed2.csv,0.25,5
ga,1d3c7175,2,penalized,300,1.0,mixed,0.15,0.9,0.35,0.05,0.2,0.1,A,300,0.7,0.2,strict,25682.0,0,tournament,ga_A_A067_rtr0.20_pm0.35_prs0.20_init1.0_pc0.9_1d3c7175_seed0.csv,0.25,5
ga,1d3c7175,2,penalized,300,1.0,mixed,0.15,0.9,0.35,0.05,0.2,0.1,A,300,0.7,0.2,strict,25879.0,1,tournament,ga_A_A067_rtr0.20_pm0.35_prs0.20_init1.0_pc0.9_1d3c7175_seed1.csv,0.25,5
ga,1d3c7175,2,penalized,300,1.0,mixed,0.15,0.9,0.35,0.05,0.2,0.1,A,300,0.7,0.2,strict,24229.0,2,tournament,ga_A_A067_rtr0.20_pm0.35_prs0.20_init1.0_pc0.9_1d3c7175_seed2.csv,0.25,5
ga,a97126c0,2,penalized,300,0.2,mixed,0.15,0.7,0.35,0.05,0.4,0.1,A,300,0.7,0.2,strict,24207.0,0,tournament,ga_A_A068_rtr0.20_pm0.35_prs0.40_init0.2_pc0.7_a97126c0_seed0.csv,0.25,5
ga,a97126c0,2,penalized,300,0.2,mixed,0.15,0.7,0.35,0.05,0.4,0.1,A,300,0.7,0.2,strict,24896.0,1,tournament,ga_A_A068_rtr0.20_pm0.35_prs0.40_init0.2_pc0.7_a97126c0_seed1.csv,0.25,5
ga,a97126c0,2,penalized,300,0.2,mixed,0.15,0.7,0.35,0.05,0.4,0.1,A,300,0.7,0.2,strict,23714.0,2,tournament,ga_A_A068_rtr0.20_pm0.35_prs0.40_init0.2_pc0.7_a97126c0_seed2.csv,0.25,5
ga,c66e3c54,2,penalized,300,0.2,mixed,0.15,0.9,0.35,0.05,0.4,0.1,A,300,0.7,0.2,strict,24207.0,0,tournament,ga_A_A069_rtr0.20_pm0.35_prs0.40_init0.2_pc0.9_c66e3c54_seed0.csv,0.25,5
ga,c66e3c54,2,penalized,300,0.2,mixed,0.15,0.9,0.35,0.05,0.4,0.1,A,300,0.7,0.2,strict,24896.0,1,tournament,ga_A_A069_rtr0.20_pm0.35_prs0.40_init0.2_pc0.9_c66e3c54_seed1.csv,0.25,5
ga,c66e3c54,2,penalized,300,0.2,mixed,0.15,0.9,0.35,0.05,0.4,0.1,A,300,0.7,0.2,strict,23714.0,2,tournament,ga_A_A069_rtr0.20_pm0.35_prs0.40_init0.2_pc0.9_c66e3c54_seed2.csv,0.25,5
ga,3b3ef069,2,penalized,300,1.0,mixed,0.15,0.7,0.35,0.05,0.4,0.1,A,300,0.7,0.2,strict,25425.0,0,tournament,ga_A_A070_rtr0.20_pm0.35_prs0.40_init1.0_pc0.7_3b3ef069_seed0.csv,0.25,5
ga,3b3ef069,2,penalized,300,1.0,mixed,0.15,0.7,0.35,0.05,0.4,0.1,A,300,0.7,0.2,strict,25193.0,1,tournament,ga_A_A070_rtr0.20_pm0.35_prs0.40_init1.0_pc0.7_3b3ef069_seed1.csv,0.25,5
ga,3b3ef069,2,penalized,300,1.0,mixed,0.15,0.7,0.35,0.05,0.4,0.1,A,300,0.7,0.2,strict,23867.0,2,tournament,ga_A_A070_rtr0.20_pm0.35_prs0.40_init1.0_pc0.7_3b3ef069_seed2.csv,0.25,5
ga,72c845c4,2,penalized,300,1.0,mixed,0.15,0.9,0.35,0.05,0.4,0.1,A,300,0.7,0.2,strict,25425.0,0,tournament,ga_A_A071_rtr0.20_pm0.35_prs0.40_init1.0_pc0.9_72c845c4_seed0.csv,0.25,5
ga,72c845c4,2,penalized,300,1.0,mixed,0.15,0.9,0.35,0.05,0.4,0.1,A,300,0.7,0.2,strict,25193.0,1,tournament,ga_A_A071_rtr0.20_pm0.35_prs0.40_init1.0_pc0.9_72c845c4_seed1.csv,0.25,5
ga,72c845c4,2,penalized,300,1.0,mixed,0.15,0.9,0.35,0.05,0.4,0.1,A,300,0.7,0.2,strict,23592.0,2,tournament,ga_A_A071_rtr0.20_pm0.35_prs0.40_init1.0_pc0.9_72c845c4_seed2.csv,0.25,5
ga,fd3fbf40,2,penalized,300,0.2,mixed,0.15,0.7,0.1,0.05,0.0,0.1,A,300,0.7,0.35,strict,28232.0,0,tournament,ga_A_A072_rtr0.35_pm0.10_prs0.00_init0.2_pc0.7_fd3fbf40_seed0.csv,0.25,5
ga,fd3fbf40,2,penalized,300,0.2,mixed,0.15,0.7,0.1,0.05,0.0,0.1,A,300,0.7,0.35,strict,27474.0,1,tournament,ga_A_A072_rtr0.35_pm0.10_prs0.00_init0.2_pc0.7_fd3fbf40_seed1.csv,0.25,5
ga,fd3fbf40,2,penalized,300,0.2,mixed,0.15,0.7,0.1,0.05,0.0,0.1,A,300,0.7,0.35,strict,26348.0,2,tournament,ga_A_A072_rtr0.35_pm0.10_prs0.00_init0.2_pc0.7_fd3fbf40_seed2.csv,0.25,5
ga,27efc091,2,penalized,300,0.2,mixed,0.15,0.9,0.1,0.05,0.0,0.1,A,300,0.7,0.35,strict,27995.0,0,tournament,ga_A_A073_rtr0.35_pm0.10_prs0.00_init0.2_pc0.9_27efc091_seed0.csv,0.25,5
ga,27efc091,2,penalized,300,0.2,mixed,0.15,0.9,0.1,0.05,0.0,0.1,A,300,0.7,0.35,strict,27986.0,1,tournament,ga_A_A073_rtr0.35_pm0.10_prs0.00_init0.2_pc0.9_27efc091_seed1.csv,0.25,5
ga,27efc091,2,penalized,300,0.2,mixed,0.15,0.9,0.1,0.05,0.0,0.1,A,300,0.7,0.35,strict,26796.0,2,tournament,ga_A_A073_rtr0.35_pm0.10_prs0.00_init0.2_pc0.9_27efc091_seed2.csv,0.25,5
ga,295e73e2,2,penalized,300,1.0,mixed,0.15,0.7,0.1,0.05,0.0,0.1,A,300,0.7,0.35,strict,28725.0,0,tournament,ga_A_A074_rtr0.35_pm0.10_prs0.00_init1.0_pc0.7_295e73e2_seed0.csv,0.25,5
ga,295e73e2,2,penalized,300,1.0,mixed,0.15,0.7,0.1,0.05,0.0,0.1,A,300,0.7,0.35,strict,29006.0,1,tournament,ga_A_A074_rtr0.35_pm0.10_prs0.00_init1.0_pc0.7_295e73e2_seed1.csv,0.25,5
ga,295e73e2,2,penalized,300,1.0,mixed,0.15,0.7,0.1,0.05,0.0,0.1,A,300,0.7,0.35,strict,28059.0,2,tournament,ga_A_A074_rtr0.35_pm0.10_prs0.00_init1.0_pc0.7_295e73e2_seed2.csv,0.25,5
ga,c491eb65,2,penalized,300,1.0,mixed,0.15,0.9,0.1,0.05,0.0,0.1,A,300,0.7,0.35,strict,29369.0,0,tournament,ga_A_A075_rtr0.35_pm0.10_prs0.00_init1.0_pc0.9_c491eb65_seed0.csv,0.25,5
ga,c491eb65,2,penalized,300,1.0,mixed,0.15,0.9,0.1,0.05,0.0,0.1,A,300,0.7,0.35,strict,29006.0,1,tournament,ga_A_A075_rtr0.35_pm0.10_prs0.00_init1.0_pc0.9_c491eb65_seed1.csv,0.25,5
ga,c491eb65,2,penalized,300,1.0,mixed,0.15,0.9,0.1,0.05,0.0,0.1,A,300,0.7,0.35,strict,28059.0,2,tournament,ga_A_A075_rtr0.35_pm0.10_prs0.00_init1.0_pc0.9_c491eb65_seed2.csv,0.25,5
ga,0071f8bf,2,penalized,300,0.2,mixed,0.15,0.7,0.1,0.05,0.2,0.1,A,300,0.7,0.35,strict,25255.0,0,tournament,ga_A_A076_rtr0.35_pm0.10_prs0.20_init0.2_pc0.7_0071f8bf_seed0.csv,0.25,5
ga,0071f8bf,2,penalized,300,0.2,mixed,0.15,0.7,0.1,0.05,0.2,0.1,A,300,0.7,0.35,strict,25561.0,1,tournament,ga_A_A076_rtr0.35_pm0.10_prs0.20_init0.2_pc0.7_0071f8bf_seed1.csv,0.25,5
ga,0071f8bf,2,penalized,300,0.2,mixed,0.15,0.7,0.1,0.05,0.2,0.1,A,300,0.7,0.35,strict,24682.0,2,tournament,ga_A_A076_rtr0.35_pm0.10_prs0.20_init0.2_pc0.7_0071f8bf_seed2.csv,0.25,5
ga,ecd7e265,2,penalized,300,0.2,mixed,0.15,0.9,0.1,0.05,0.2,0.1,A,300,0.7,0.35,strict,24482.0,0,tournament,ga_A_A077_rtr0.35_pm0.10_prs0.20_init0.2_pc0.9_ecd7e265_seed0.csv,0.25,5
ga,ecd7e265,2,penalized,300,0.2,mixed,0.15,0.9,0.1,0.05,0.2,0.1,A,300,0.7,0.35,strict,25243.0,1,tournament,ga_A_A077_rtr0.35_pm0.10_prs0.20_init0.2_pc0.9_ecd7e265_seed1.csv,0.25,5
ga,ecd7e265,2,penalized,300,0.2,mixed,0.15,0.9,0.1,0.05,0.2,0.1,A,300,0.7,0.35,strict,24610.0,2,tournament,ga_A_A077_rtr0.35_pm0.10_prs0.20_init0.2_pc0.9_ecd7e265_seed2.csv,0.25,5
ga,73b080af,2,penalized,300,1.0,mixed,0.15,0.7,0.1,0.05,0.2,0.1,A,300,0.7,0.35,strict,26506.0,0,tournament,ga_A_A078_rtr0.35_pm0.10_prs0.20_init1.0_pc0.7_73b080af_seed0.csv,0.25,5
ga,73b080af,2,penalized,300,1.0,mixed,0.15,0.7,0.1,0.05,0.2,0.1,A,300,0.7,0.35,strict,26335.0,1,tournament,ga_A_A078_rtr0.35_pm0.10_prs0.20_init1.0_pc0.7_73b080af_seed1.csv,0.25,5
ga,73b080af,2,penalized,300,1.0,mixed,0.15,0.7,0.1,0.05,0.2,0.1,A,300,0.7,0.35,strict,24955.0,2,tournament,ga_A_A078_rtr0.35_pm0.10_prs0.20_init1.0_pc0.7_73b080af_seed2.csv,0.25,5
ga,b3df34bd,2,penalized,300,1.0,mixed,0.15,0.9,0.1,0.05,0.2,0.1,A,300,0.7,0.35,strict,25550.0,0,tournament,ga_A_A079_rtr0.35_pm0.10_prs0.20_init1.0_pc0.9_b3df34bd_seed0.csv,0.25,5
ga,b3df34bd,2,penalized,300,1.0,mixed,0.15,0.9,0.1,0.05,0.2,0.1,A,300,0.7,0.35,strict,25193.0,1,tournament,ga_A_A079_rtr0.35_pm0.10_prs0.20_init1.0_pc0.9_b3df34bd_seed1.csv,0.25,5
ga,b3df34bd,2,penalized,300,1.0,mixed,0.15,0.9,0.1,0.05,0.2,0.1,A,300,0.7,0.35,strict,24104.0,2,tournament,ga_A_A079_rtr0.35_pm0.10_prs0.20_init1.0_pc0.9_b3df34bd_seed2.csv,0.25,5
ga,4df0340d,2,penalized,300,0.2,mixed,0.15,0.7,0.1,0.05,0.4,0.1,A,300,0.7,0.35,strict,24207.0,0,tournament,ga_A_A080_rtr0.35_pm0.10_prs0.40_init0.2_pc0.7_4df0340d_seed0.csv,0.25,5
ga,4df0340d,2,penalized,300,0.2,mixed,0.15,0.7,0.1,0.05,0.4,0.1,A,300,0.7,0.35,strict,24896.0,1,tournament,ga_A_A080_rtr0.35_pm0.10_prs0.40_init0.2_pc0.7_4df0340d_seed1.csv,0.25,5
ga,4df0340d,2,penalized,300,0.2,mixed,0.15,0.7,0.1,0.05,0.4,0.1,A,300,0.7,0.35,strict,23714.0,2,tournament,ga_A_A080_rtr0.35_pm0.10_prs0.40_init0.2_pc0.7_4df0340d_seed2.csv,0.25,5
ga,38d1a037,2,penalized,300,0.2,mixed,0.15,0.9,0.1,0.05,0.4,0.1,A,300,0.7,0.35,strict,24207.0,0,tournament,ga_A_A081_rtr0.35_pm0.10_prs0.40_init0.2_pc0.9_38d1a037_seed0.csv,0.25,5
ga,38d1a037,2,penalized,300,0.2,mixed,0.15,0.9,0.1,0.05,0.4,0.1,A,300,0.7,0.35,strict,24896.0,1,tournament,ga_A_A081_rtr0.35_pm0.10_prs0.40_init0.2_pc0.9_38d1a037_seed1.csv,0.25,5
ga,38d1a037,2,penalized,300,0.2,mixed,0.15,0.9,0.1,0.05,0.4,0.1,A,300,0.7,0.35,strict,23714.0,2,tournament,ga_A_A081_rtr0.35_pm0.10_prs0.40_init0.2_pc0.9_38d1a037_seed2.csv,0.25,5
ga,934535ad,2,penalized,300,1.0,mixed,0.15,0.7,0.1,0.05,0.4,0.1,A,300,0.7,0.35,strict,25550.0,0,tournament,ga_A_A082_rtr0.35_pm0.10_prs0.40_init1.0_pc0.7_934535ad_seed0.csv,0.25,5
ga,934535ad,2,penalized,300,1.0,mixed,0.15,0.7,0.1,0.05,0.4,0.1,A,300,0.7,0.35,strict,25410.0,1,tournament,ga_A_A082_rtr0.35_pm0.10_prs0.40_init1.0_pc0.7_934535ad_seed1.csv,0.25,5
ga,934535ad,2,penalized,300,1.0,mixed,0.15,0.7,0.1,0.05,0.4,0.1,A,300,0.7,0.35,strict,23592.0,2,tournament,ga_A_A082_rtr0.35_pm0.10_prs0.40_init1.0_pc0.7_934535ad_seed2.csv,0.25,5
ga,a410080e,2,penalized,300,1.0,mixed,0.15,0.9,0.1,0.05,0.4,0.1,A,300,0.7,0.35,strict,25425.0,0,tournament,ga_A_A083_rtr0.35_pm0.10_prs0.40_init1.0_pc0.9_a410080e_seed0.csv,0.25,5
ga,a410080e,2,penalized,300,1.0,mixed,0.15,0.9,0.1,0.05,0.4,0.1,A,300,0.7,0.35,strict,25193.0,1,tournament,ga_A_A083_rtr0.35_pm0.10_prs0.40_init1.0_pc0.9_a410080e_seed1.csv,0.25,5
ga,a410080e,2,penalized,300,1.0,mixed,0.15,0.9,0.1,0.05,0.4,0.1,A,300,0.7,0.35,strict,23592.0,2,tournament,ga_A_A083_rtr0.35_pm0.10_prs0.40_init1.0_pc0.9_a410080e_seed2.csv,0.25,5
ga,6e27624f,2,penalized,300,0.2,mixed,0.15,0.7,0.2,0.05,0.0,0.1,A,300,0.7,0.35,strict,27995.0,0,tournament,ga_A_A084_rtr0.35_pm0.20_prs0.00_init0.2_pc0.7_6e27624f_seed0.csv,0.25,5
ga,6e27624f,2,penalized,300,0.2,mixed,0.15,0.7,0.2,0.05,0.0,0.1,A,300,0.7,0.35,strict,27986.0,1,tournament,ga_A_A084_rtr0.35_pm0.20_prs0.00_init0.2_pc0.7_6e27624f_seed1.csv,0.25,5
ga,6e27624f,2,penalized,300,0.2,mixed,0.15,0.7,0.2,0.05,0.0,0.1,A,300,0.7,0.35,strict,26453.0,2,tournament,ga_A_A084_rtr0.35_pm0.20_prs0.00_init0.2_pc0.7_6e27624f_seed2.csv,0.25,5
ga,f1fc5b35,2,penalized,300,0.2,mixed,0.15,0.9,0.2,0.05,0.0,0.1,A,300,0.7,0.35,strict,27445.0,0,tournament,ga_A_A085_rtr0.35_pm0.20_prs0.00_init0.2_pc0.9_f1fc5b35_seed0.csv,0.25,5
ga,f1fc5b35,2,penalized,300,0.2,mixed,0.15,0.9,0.2,0.05,0.0,0.1,A,300,0.7,0.35,strict,27474.0,1,tournament,ga_A_A085_rtr0.35_pm0.20_prs0.00_init0.2_pc0.9_f1fc5b35_seed1.csv,0.25,5
ga,f1fc5b35,2,penalized,300,0.2,mixed,0.15,0.9,0.2,0.05,0.0,0.1,A,300,0.7,0.35,strict,27077.0,2,tournament,ga_A_A085_rtr0.35_pm0.20_prs0.00_init0.2_pc0.9_f1fc5b35_seed2.csv,0.25,5
ga,c8ca4b93,2,penalized,300,1.0,mixed,0.15,0.7,0.2,0.05,0.0,0.1,A,300,0.7,0.35,strict,29369.0,0,tournament,ga_A_A086_rtr0.35_pm0.20_prs0.00_init1.0_pc0.7_c8ca4b93_seed0.csv,0.25,5
ga,c8ca4b93,2,penalized,300,1.0,mixed,0.15,0.7,0.2,0.05,0.0,0.1,A,300,0.7,0.35,strict,28725.0,1,tournament,ga_A_A086_rtr0.35_pm0.20_prs0.00_init1.0_pc0.7_c8ca4b93_seed1.csv,0.25,5
ga,c8ca4b93,2,penalized,300,1.0,mixed,0.15,0.7,0.2,0.05,0.0,0.1,A,300,0.7,0.35,strict,28059.0,2,tournament,ga_A_A086_rtr0.35_pm0.20_prs0.00_init1.0_pc0.7_c8ca4b93_seed2.csv,0.25,5
ga,7daf424e,2,penalized,300,1.0,mixed,0.15,0.9,0.2,0.05,0.0,0.1,A,300,0.7,0.35,strict,28942.0,0,tournament,ga_A_A087_rtr0.35_pm0.20_prs0.00_init1.0_pc0.9_7daf424e_seed0.csv,0.25,5
ga,7daf424e,2,penalized,300,1.0,mixed,0.15,0.9,0.2,0.05,0.0,0.1,A,300,0.7,0.35,strict,29006.0,1,tournament,ga_A_A087_rtr0.35_pm0.20_prs0.00_init1.0_pc0.9_7daf424e_seed1.csv,0.25,5
ga,7daf424e,2,penalized,300,1.0,mixed,0.15,0.9,0.2,0.05,0.0,0.1,A,300,0.7,0.35,strict,27995.0,2,tournament,ga_A_A087_rtr0.35_pm0.20_prs0.00_init1.0_pc0.9_7daf424e_seed2.csv,0.25,5
ga,788eb8c4,2,penalized,300,0.2,mixed,0.15,0.7,0.2,0.05,0.2,0.1,A,300,0.7,0.35,strict,25127.0,0,tournament,ga_A_A088_rtr0.35_pm0.20_prs0.20_init0.2_pc0.7_788eb8c4_seed0.csv,0.25,5
ga,788eb8c4,2,penalized,300,0.2,mixed,0.15,0.7,0.2,0.05,0.2,0.1,A,300,0.7,0.35,strict,24896.0,1,tournament,ga_A_A088_rtr0.35_pm0.20_prs0.20_init0.2_pc0.7_788eb8c4_seed1.csv,0.25,5
ga,788eb8c4,2,penalized,300,0.2,mixed,0.15,0.7,0.2,0.05,0.2,0.1,A,300,0.7,0.35,strict,24597.0,2,tournament,ga_A_A088_rtr0.35_pm0.20_prs0.20_init0.2_pc0.7_788eb8c4_seed2.csv,0.25,5
ga,171d7ea3,2,penalized,300,0.2,mixed,0.15,0.9,0.2,0.05,0.2,0.1,A,300,0.7,0.35,strict,24342.0,0,tournament,ga_A_A089_rtr0.35_pm0.20_prs0.20_init0.2_pc0.9_171d7ea3_seed0.csv,0.25,5
ga,171d7ea3,2,penalized,300,0.2,mixed,0.15,0.9,0.2,0.05,0.2,0.1,A,300,0.7,0.35,strict,24896.0,1,tournament,ga_A_A089_rtr0.35_pm0.20_prs0.20_init0.2_pc0.9_171d7ea3_seed1.csv,0.25,5
ga,171d7ea3,2,penalized,300,0.2,mixed,0.15,0.9,0.2,0.05,0.2,0.1,A,300,0.7,0.35,strict,24175.0,2,tournament,ga_A_A089_rtr0.35_pm0.20_prs0.20_init0.2_pc0.9_171d7ea3_seed2.csv,0.25,5
ga,c61aaf36,2,penalized,300,1.0,mixed,0.15,0.7,0.2,0.05,0.2,0.1,A,300,0.7,0.35,strict,25793.0,0,tournament,ga_A_A090_rtr0.35_pm0.20_prs0.20_init1.0_pc0.7_c61aaf36_seed0.csv,0.25,5
ga,c61aaf36,2,penalized,300,1.0,mixed,0.15,0.7,0.2,0.05,0.2,0.1,A,300,0.7,0.35,strict,26407.0,1,tournament,ga_A_A090_rtr0.35_pm0.20_prs0.20_init1.0_pc0.7_c61aaf36_seed1.csv,0.25,5
ga,c61aaf36,2,penalized,300,1.0,mixed,0.15,0.7,0.2,0.05,0.2,0.1,A,300,0.7,0.35,strict,24142.0,2,tournament,ga_A_A090_rtr0.35_pm0.20_prs0.20_init1.0_pc0.7_c61aaf36_seed2.csv,0.25,5
ga,f99936f9,2,penalized,300,1.0,mixed,0.15,0.9,0.2,0.05,0.2,0.1,A,300,0.7,0.35,strict,26633.0,0,tournament,ga_A_A091_rtr0.35_pm0.20_prs0.20_init1.0_pc0.9_f99936f9_seed0.csv,0.25,5
ga,f99936f9,2,penalized,300,1.0,mixed,0.15,0.9,0.2,0.05,0.2,0.1,A,300,0.7,0.35,strict,25193.0,1,tournament,ga_A_A091_rtr0.35_pm0.20_prs0.20_init1.0_pc0.9_f99936f9_seed1.csv,0.25,5
ga,f99936f9,2,penalized,300,1.0,mixed,0.15,0.9,0.2,0.05,0.2,0.1,A,300,0.7,0.35,strict,24687.0,2,tournament,ga_A_A091_rtr0.35_pm0.20_prs0.20_init1.0_pc0.9_f99936f9_seed2.csv,0.25,5
ga,9c309a52,2,penalized,300,0.2,mixed,0.15,0.7,0.2,0.05,0.4,0.1,A,300,0.7,0.35,strict,24207.0,0,tournament,ga_A_A092_rtr0.35_pm0.20_prs0.40_init0.2_pc0.7_9c309a52_seed0.csv,0.25,5
ga,9c309a52,2,penalized,300,0.2,mixed,0.15,0.7,0.2,0.05,0.4,0.1,A,300,0.7,0.35,strict,24896.0,1,tournament,ga_A_A092_rtr0.35_pm0.20_prs0.40_init0.2_pc0.7_9c309a52_seed1.csv,0.25,5
ga,9c309a52,2,penalized,300,0.2,mixed,0.15,0.7,0.2,0.05,0.4,0.1,A,300,0.7,0.35,strict,23714.0,2,tournament,ga_A_A092_rtr0.35_pm0.20_prs0.40_init0.2_pc0.7_9c309a52_seed2.csv,0.25,5
ga,28afb9cf,2,penalized,300,0.2,mixed,0.15,0.9,0.2,0.05,0.4,0.1,A,300,0.7,0.35,strict,24207.0,0,tournament,ga_A_A093_rtr0.35_pm0.20_prs0.40_init0.2_pc0.9_28afb9cf_seed0.csv,0.25,5
ga,28afb9cf,2,penalized,300,0.2,mixed,0.15,0.9,0.2,0.05,0.4,0.1,A,300,0.7,0.35,strict,24896.0,1,tournament,ga_A_A093_rtr0.35_pm0.20_prs0.40_init0.2_pc0.9_28afb9cf_seed1.csv,0.25,5
ga,28afb9cf,2,penalized,300,0.2,mixed,0.15,0.9,0.2,0.05,0.4,0.1,A,300,0.7,0.35,strict,23714.0,2,tournament,ga_A_A093_rtr0.35_pm0.20_prs0.40_init0.2_pc0.9_28afb9cf_seed2.csv,0.25,5
ga,c39daab3,2,penalized,300,1.0,mixed,0.15,0.7,0.2,0.05,0.4,0.1,A,300,0.7,0.35,strict,25750.0,0,tournament,ga_A_A094_rtr0.35_pm0.20_prs0.40_init1.0_pc0.7_c39daab3_seed0.csv,0.25,5
ga,c39daab3,2,penalized,300,1.0,mixed,0.15,0.7,0.2,0.05,0.4,0.1,A,300,0.7,0.35,strict,25193.0,1,tournament,ga_A_A094_rtr0.35_pm0.20_prs0.40_init1.0_pc0.7_c39daab3_seed1.csv,0.25,5
ga,c39daab3,2,penalized,300,1.0,mixed,0.15,0.7,0.2,0.05,0.4,0.1,A,300,0.7,0.35,strict,23592.0,2,tournament,ga_A_A094_rtr0.35_pm0.20_prs0.40_init1.0_pc0.7_c39daab3_seed2.csv,0.25,5
ga,c342cdab,2,penalized,300,1.0,mixed,0.15,0.9,0.2,0.05,0.4,0.1,A,300,0.7,0.35,strict,25425.0,0,tournament,ga_A_A095_rtr0.35_pm0.20_prs0.40_init1.0_pc0.9_c342cdab_seed0.csv,0.25,5
ga,c342cdab,2,penalized,300,1.0,mixed,0.15,0.9,0.2,0.05,0.4,0.1,A,300,0.7,0.35,strict,25193.0,1,tournament,ga_A_A095_rtr0.35_pm0.20_prs0.40_init1.0_pc0.9_c342cdab_seed1.csv,0.25,5
ga,c342cdab,2,penalized,300,1.0,mixed,0.15,0.9,0.2,0.05,0.4,0.1,A,300,0.7,0.35,strict,23857.0,2,tournament,ga_A_A095_rtr0.35_pm0.20_prs0.40_init1.0_pc0.9_c342cdab_seed2.csv,0.25,5
ga,51edd09c,2,penalized,300,0.2,mixed,0.15,0.7,0.35,0.05,0.0,0.1,A,300,0.7,0.35,strict,28507.0,0,tournament,ga_A_A096_rtr0.35_pm0.35_prs0.00_init0.2_pc0.7_51edd09c_seed0.csv,0.25,5
ga,51edd09c,2,penalized,300,0.2,mixed,0.15,0.7,0.35,0.05,0.0,0.1,A,300,0.7,0.35,strict,27986.0,1,tournament,ga_A_A096_rtr0.35_pm0.35_prs0.00_init0.2_pc0.7_51edd09c_seed1.csv,0.25,5
ga,51edd09c,2,penalized,300,0.2,mixed,0.15,0.7,0.35,0.05,0.0,0.1,A,300,0.7,0.35,strict,27244.0,2,tournament,ga_A_A096_rtr0.35_pm0.35_prs0.00_init0.2_pc0.7_51edd09c_seed2.csv,0.25,5
ga,abf641d8,2,penalized,300,0.2,mixed,0.15,0.9,0.35,0.05,0.0,0.1,A,300,0.7,0.35,strict,28232.0,0,tournament,ga_A_A097_rtr0.35_pm0.35_prs0.00_init0.2_pc0.9_abf641d8_seed0.csv,0.25,5
ga,abf641d8,2,penalized,300,0.2,mixed,0.15,0.9,0.35,0.05,0.0,0.1,A,300,0.7,0.35,strict,27474.0,1,tournament,ga_A_A097_rtr0.35_pm0.35_prs0.00_init0.2_pc0.9_abf641d8_seed1.csv,0.25,5
ga,abf641d8,2,penalized,300,0.2,mixed,0.15,0.9,0.35,0.05,0.0,0.1,A,300,0.7,0.35,strict,26348.0,2,tournament,ga_A_A097_rtr0.35_pm0.35_prs0.00_init0.2_pc0.9_abf641d8_seed2.csv,0.25,5
ga,9de0dfab,2,penalized,300,1.0,mixed,0.15,0.7,0.35,0.05,0.0,0.1,A,300,0.7,0.35,strict,29454.0,0,tournament,ga_A_A098_rtr0.35_pm0.35_prs0.00_init1.0_pc0.7_9de0dfab_seed0.csv,0.25,5
ga,9de0dfab,2,penalized,300,1.0,mixed,0.15,0.7,0.35,0.05,0.0,0.1,A,300,0.7,0.35,strict,29006.0,1,tournament,ga_A_A098_rtr0.35_pm0.35_prs0.00_init1.0_pc0.7_9de0dfab_seed1.csv,0.25,5
ga,9de0dfab,2,penalized,300,1.0,mixed,0.15,0.7,0.35,0.05,0.0,0.1,A,300,0.7,0.35,strict,28507.0,2,tournament,ga_A_A098_rtr0.35_pm0.35_prs0.00_init1.0_pc0.7_9de0dfab_seed2.csv,0.25,5
ga,d373269c,2,penalized,300,1.0,mixed,0.15,0.9,0.35,0.05,0.0,0.1,A,300,0.7,0.35,strict,28725.0,0,tournament,ga_A_A099_rtr0.35_pm0.35_prs0.00_init1.0_pc0.9_d373269c_seed0.csv,0.25,5
ga,d373269c,2,penalized,300,1.0,mixed,0.15,0.9,0.35,0.05,0.0,0.1,A,300,0.7,0.35,strict,29006.0,1,tournament,ga_A_A099_rtr0.35_pm0.35_prs0.00_init1.0_pc0.9_d373269c_seed1.csv,0.25,5
ga,d373269c,2,penalized,300,1.0,mixed,0.15,0.9,0.35,0.05,0.0,0.1,A,300,0.7,0.35,strict,27330.0,2,tournament,ga_A_A099_rtr0.35_pm0.35_prs0.00_init1.0_pc0.9_d373269c_seed2.csv,0.25,5
ga,c9610205,2,penalized,300,0.2,mixed,0.15,0.7,0.35,0.05,0.2,0.1,A,300,0.7,0.35,strict,24939.0,0,tournament,ga_A_A100_rtr0.35_pm0.35_prs0.20_init0.2_pc0.7_c9610205_seed0.csv,0.25,5
ga,c9610205,2,penalized,300,0.2,mixed,0.15,0.7,0.35,0.05,0.2,0.1,A,300,0.7,0.35,strict,24896.0,1,tournament,ga_A_A100_rtr0.35_pm0.35_prs0.20_init0.2_pc0.7_c9610205_seed1.csv,0.25,5
ga,c9610205,2,penalized,300,0.2,mixed,0.15,0.7,0.35,0.05,0.2,0.1,A,300,0.7,0.35,strict,24437.0,2,tournament,ga_A_A100_rtr0.35_pm0.35_prs0.20_init0.2_pc0.7_c9610205_seed2.csv,0.25,5
ga,7f4a8343,2,penalized,300,0.2,mixed,0.15,0.9,0.35,0.05,0.2,0.1,A,300,0.7,0.35,strict,24207.0,0,tournament,ga_A_A101_rtr0.35_pm0.35_prs0.20_init0.2_pc0.9_7f4a8343_seed0.csv,0.25,5
ga,7f4a8343,2,penalized,300,0.2,mixed,0.15,0.9,0.35,0.05,0.2,0.1,A,300,0.7,0.35,strict,25069.0,1,tournament,ga_A_A101_rtr0.35_pm0.35_prs0.20_init0.2_pc0.9_7f4a8343_seed1.csv,0.25,5
ga,7f4a8343,2,penalized,300,0.2,mixed,0.15,0.9,0.35,0.05,0.2,0.1,A,300,0.7,0.35,strict,23714.0,2,tournament,ga_A_A101_rtr0.35_pm0.35_prs0.20_init0.2_pc0.9_7f4a8343_seed2.csv,0.25,5
ga,b0e9781e,2,penalized,300,1.0,mixed,0.15,0.7,0.35,0.05,0.2,0.1,A,300,0.7,0.35,strict,25716.0,0,tournament,ga_A_A102_rtr0.35_pm0.35_prs0.20_init1.0_pc0.7_b0e9781e_seed0.csv,0.25,5
ga,b0e9781e,2,penalized,300,1.0,mixed,0.15,0.7,0.35,0.05,0.2,0.1,A,300,0.7,0.35,strict,26647.0,1,tournament,ga_A_A102_rtr0.35_pm0.35_prs0.20_init1.0_pc0.7_b0e9781e_seed1.csv,0.25,5
ga,b0e9781e,2,penalized,300,1.0,mixed,0.15,0.7,0.35,0.05,0.2,0.1,A,300,0.7,0.35,strict,25188.0,2,tournament,ga_A_A102_rtr0.35_pm0.35_prs0.20_init1.0_pc0.7_b0e9781e_seed2.csv,0.25,5
ga,9f6dffb7,2,penalized,300,1.0,mixed,0.15,0.9,0.35,0.05,0.2,0.1,A,300,0.7,0.35,strict,26045.0,0,tournament,ga_A_A103_rtr0.35_pm0.35_prs0.20_init1.0_pc0.9_9f6dffb7_seed0.csv,0.25,5
ga,9f6dffb7,2,penalized,300,1.0,mixed,0.15,0.9,0.35,0.05,0.2,0.1,A,300,0.7,0.35,strict,25468.0,1,tournament,ga_A_A103_rtr0.35_pm0.35_prs0.20_init1.0_pc0.9_9f6dffb7_seed1.csv,0.25,5
ga,9f6dffb7,2,penalized,300,1.0,mixed,0.15,0.9,0.35,0.05,0.2,0.1,A,300,0.7,0.35,strict,23592.0,2,tournament,ga_A_A103_rtr0.35_pm0.35_prs0.20_init1.0_pc0.9_9f6dffb7_seed2.csv,0.25,5
ga,6cb0408c,2,penalized,300,0.2,mixed,0.15,0.7,0.35,0.05,0.4,0.1,A,300,0.7,0.35,strict,24207.0,0,tournament,ga_A_A104_rtr0.35_pm0.35_prs0.40_init0.2_pc0.7_6cb0408c_seed0.csv,0.25,5
ga,6cb0408c,2,penalized,300,0.2,mixed,0.15,0.7,0.35,0.05,0.4,0.1,A,300,0.7,0.35,strict,24896.0,1,tournament,ga_A_A104_rtr0.35_pm0.35_prs0.40_init0.2_pc0.7_6cb0408c_seed1.csv,0.25,5
ga,6cb0408c,2,penalized,300,0.2,mixed,0.15,0.7,0.35,0.05,0.4,0.1,A,300,0.7,0.35,strict,23714.0,2,tournament,ga_A_A104_rtr0.35_pm0.35_prs0.40_init0.2_pc0.7_6cb0408c_seed2.csv,0.25,5
ga,a805ad4a,2,penalized,300,0.2,mixed,0.15,0.9,0.35,0.05,0.4,0.1,A,300,0.7,0.35,strict,24207.0,0,tournament,ga_A_A105_rtr0.35_pm0.35_prs0.40_init0.2_pc0.9_a805ad4a_seed0.csv,0.25,5
ga,a805ad4a,2,penalized,300,0.2,mixed,0.15,0.9,0.35,0.05,0.4,0.1,A,300,0.7,0.35,strict,24896.0,1,tournament,ga_A_A105_rtr0.35_pm0.35_prs0.40_init0.2_pc0.9_a805ad4a_seed1.csv,0.25,5
ga,a805ad4a,2,penalized,300,0.2,mixed,0.15,0.9,0.35,0.05,0.4,0.1,A,300,0.7,0.35,strict,23867.0,2,tournament,ga_A_A105_rtr0.35_pm0.35_prs0.40_init0.2_pc0.9_a805ad4a_seed2.csv,0.25,5
ga,8c2fdb8b,2,penalized,300,1.0,mixed,0.15,0.7,0.35,0.05,0.4,0.1,A,300,0.7,0.35,strict,25425.0,0,tournament,ga_A_A106_rtr0.35_pm0.35_prs0.40_init1.0_pc0.7_8c2fdb8b_seed0.csv,0.25,5
ga,8c2fdb8b,2,penalized,300,1.0,mixed,0.15,0.7,0.35,0.05,0.4,0.1,A,300,0.7,0.35,strict,25193.0,1,tournament,ga_A_A106_rtr0.35_pm0.35_prs0.40_init1.0_pc0.7_8c2fdb8b_seed1.csv,0.25,5
ga,8c2fdb8b,2,penalized,300,1.0,mixed,0.15,0.7,0.35,0.05,0.4,0.1,A,300,0.7,0.35,strict,23592.0,2,tournament,ga_A_A106_rtr0.35_pm0.35_prs0.40_init1.0_pc0.7_8c2fdb8b_seed2.csv,0.25,5
ga,19825513,2,penalized,300,1.0,mixed,0.15,0.9,0.35,0.05,0.4,0.1,A,300,0.7,0.35,strict,25425.0,0,tournament,ga_A_A107_rtr0.35_pm0.35_prs0.40_init1.0_pc0.9_19825513_seed0.csv,0.25,5
ga,19825513,2,penalized,300,1.0,mixed,0.15,0.9,0.35,0.05,0.4,0.1,A,300,0.7,0.35,strict,25193.0,1,tournament,ga_A_A107_rtr0.35_pm0.35_prs0.40_init1.0_pc0.9_19825513_seed1.csv,0.25,5
ga,19825513,2,penalized,300,1.0,mixed,0.15,0.9,0.35,0.05,0.4,0.1,A,300,0.7,0.35,strict,23592.0,2,tournament,ga_A_A107_rtr0.35_pm0.35_prs0.40_init1.0_pc0.9_19825513_seed2.csv,0.25,5
ga,e5c7a79c,2,penalized,300,0.2,mixed,0.15,0.7,0.1,0.05,0.0,0.1,A,300,0.7,0.5,strict,27995.0,0,tournament,ga_A_A108_rtr0.50_pm0.10_prs0.00_init0.2_pc0.7_e5c7a79c_seed0.csv,0.25,5
ga,e5c7a79c,2,penalized,300,0.2,mixed,0.15,0.7,0.1,0.05,0.0,0.1,A,300,0.7,0.5,strict,27986.0,1,tournament,ga_A_A108_rtr0.50_pm0.10_prs0.00_init0.2_pc0.7_e5c7a79c_seed1.csv,0.25,5
ga,e5c7a79c,2,penalized,300,0.2,mixed,0.15,0.7,0.1,0.05,0.0,0.1,A,300,0.7,0.5,strict,27244.0,2,tournament,ga_A_A108_rtr0.50_pm0.10_prs0.00_init0.2_pc0.7_e5c7a79c_seed2.csv,0.25,5
ga,2271f21d,2,penalized,300,0.2,mixed,0.15,0.9,0.1,0.05,0.0,0.1,A,300,0.7,0.5,strict,28507.0,0,tournament,ga_A_A109_rtr0.50_pm0.10_prs0.00_init0.2_pc0.9_2271f21d_seed0.csv,0.25,5
ga,2271f21d,2,penalized,300,0.2,mixed,0.15,0.9,0.1,0.05,0.0,0.1,A,300,0.7,0.5,strict,27474.0,1,tournament,ga_A_A109_rtr0.50_pm0.10_prs0.00_init0.2_pc0.9_2271f21d_seed1.csv,0.25,5
ga,2271f21d,2,penalized,300,0.2,mixed,0.15,0.9,0.1,0.05,0.0,0.1,A,300,0.7,0.5,strict,26796.0,2,tournament,ga_A_A109_rtr0.50_pm0.10_prs0.00_init0.2_pc0.9_2271f21d_seed2.csv,0.25,5
ga,1a34c536,2,penalized,300,1.0,mixed,0.15,0.7,0.1,0.05,0.0,0.1,A,300,0.7,0.5,strict,29369.0,0,tournament,ga_A_A110_rtr0.50_pm0.10_prs0.00_init1.0_pc0.7_1a34c536_seed0.csv,0.25,5
ga,1a34c536,2,penalized,300,1.0,mixed,0.15,0.7,0.1,0.05,0.0,0.1,A,300,0.7,0.5,strict,29006.0,1,tournament,ga_A_A110_rtr0.50_pm0.10_prs0.00_init1.0_pc0.7_1a34c536_seed1.csv,0.25,5
ga,1a34c536,2,penalized,300,1.0,mixed,0.15,0.7,0.1,0.05,0.0,0.1,A,300,0.7,0.5,strict,27547.0,2,tournament,ga_A_A110_rtr0.50_pm0.10_prs0.00_init1.0_pc0.7_1a34c536_seed2.csv,0.25,5
ga,6d3a3995,2,penalized,300,1.0,mixed,0.15,0.9,0.1,0.05,0.0,0.1,A,300,0.7,0.5,strict,28514.0,0,tournament,ga_A_A111_rtr0.50_pm0.10_prs0.00_init1.0_pc0.9_6d3a3995_seed0.csv,0.25,5
ga,6d3a3995,2,penalized,300,1.0,mixed,0.15,0.9,0.1,0.05,0.0,0.1,A,300,0.7,0.5,strict,29006.0,1,tournament,ga_A_A111_rtr0.50_pm0.10_prs0.00_init1.0_pc0.9_6d3a3995_seed1.csv,0.25,5
ga,6d3a3995,2,penalized,300,1.0,mixed,0.15,0.9,0.1,0.05,0.0,0.1,A,300,0.7,0.5,strict,25486.0,2,tournament,ga_A_A111_rtr0.50_pm0.10_prs0.00_init1.0_pc0.9_6d3a3995_seed2.csv,0.25,5
ga,ec41e61d,2,penalized,300,0.2,mixed,0.15,0.7,0.1,0.05,0.2,0.1,A,300,0.7,0.5,strict,25841.0,0,tournament,ga_A_A112_rtr0.50_pm0.10_prs0.20_init0.2_pc0.7_ec41e61d_seed0.csv,0.25,5
ga,ec41e61d,2,penalized,300,0.2,mixed,0.15,0.7,0.1,0.05,0.2,0.1,A,300,0.7,0.5,strict,24896.0,1,tournament,ga_A_A112_rtr0.50_pm0.10_prs0.20_init0.2_pc0.7_ec41e61d_seed1.csv,0.25,5
ga,ec41e61d,2,penalized,300,0.2,mixed,0.15,0.7,0.1,0.05,0.2,0.1,A,300,0.7,0.5,strict,24570.0,2,tournament,ga_A_A112_rtr0.50_pm0.10_prs0.20_init0.2_pc0.7_ec41e61d_seed2.csv,0.25,5
ga,2f24bae9,2,penalized,300,0.2,mixed,0.15,0.9,0.1,0.05,0.2,0.1,A,300,0.7,0.5,strict,24264.0,0,tournament,ga_A_A113_rtr0.50_pm0.10_prs0.20_init0.2_pc0.9_2f24bae9_seed0.csv,0.25,5
ga,2f24bae9,2,penalized,300,0.2,mixed,0.15,0.9,0.1,0.05,0.2,0.1,A,300,0.7,0.5,strict,24896.0,1,tournament,ga_A_A113_rtr0.50_pm0.10_prs0.20_init0.2_pc0.9_2f24bae9_seed1.csv,0.25,5
ga,2f24bae9,2,penalized,300,0.2,mixed,0.15,0.9,0.1,0.05,0.2,0.1,A,300,0.7,0.5,strict,24357.0,2,tournament,ga_A_A113_rtr0.50_pm0.10_prs0.20_init0.2_pc0.9_2f24bae9_seed2.csv,0.25,5
ga,24886111,2,penalized,300,1.0,mixed,0.15,0.7,0.1,0.05,0.2,0.1,A,300,0.7,0.5,strict,27363.0,0,tournament,ga_A_A114_rtr0.50_pm0.10_prs0.20_init1.0_pc0.7_24886111_seed0.csv,0.25,5
ga,24886111,2,penalized,300,1.0,mixed,0.15,0.7,0.1,0.05,0.2,0.1,A,300,0.7,0.5,strict,26867.0,1,tournament,ga_A_A114_rtr0.50_pm0.10_prs0.20_init1.0_pc0.7_24886111_seed1.csv,0.25,5
ga,24886111,2,penalized,300,1.0,mixed,0.15,0.7,0.1,0.05,0.2,0.1,A,300,0.7,0.5,strict,25316.0,2,tournament,ga_A_A114_rtr0.50_pm0.10_prs0.20_init1.0_pc0.7_24886111_seed2.csv,0.25,5
ga,7cbb6402,2,penalized,300,1.0,mixed,0.15,0.9,0.1,0.05,0.2,0.1,A,300,0.7,0.5,strict,26458.0,0,tournament,ga_A_A115_rtr0.50_pm0.10_prs0.20_init1.0_pc0.9_7cbb6402_seed0.csv,0.25,5
ga,7cbb6402,2,penalized,300,1.0,mixed,0.15,0.9,0.1,0.05,0.2,0.1,A,300,0.7,0.5,strict,25903.0,1,tournament,ga_A_A115_rtr0.50_pm0.10_prs0.20_init1.0_pc0.9_7cbb6402_seed1.csv,0.25,5
ga,7cbb6402,2,penalized,300,1.0,mixed,0.15,0.9,0.1,0.05,0.2,0.1,A,300,0.7,0.5,strict,24213.0,2,tournament,ga_A_A115_rtr0.50_pm0.10_prs0.20_init1.0_pc0.9_7cbb6402_seed2.csv,0.25,5
ga,4926ae15,2,penalized,300,0.2,mixed,0.15,0.7,0.1,0.05,0.4,0.1,A,300,0.7,0.5,strict,24207.0,0,tournament,ga_A_A116_rtr0.50_pm0.10_prs0.40_init0.2_pc0.7_4926ae15_seed0.csv,0.25,5
ga,4926ae15,2,penalized,300,0.2,mixed,0.15,0.7,0.1,0.05,0.4,0.1,A,300,0.7,0.5,strict,24896.0,1,tournament,ga_A_A116_rtr0.50_pm0.10_prs0.40_init0.2_pc0.7_4926ae15_seed1.csv,0.25,5
ga,4926ae15,2,penalized,300,0.2,mixed,0.15,0.7,0.1,0.05,0.4,0.1,A,300,0.7,0.5,strict,24014.0,2,tournament,ga_A_A116_rtr0.50_pm0.10_prs0.40_init0.2_pc0.7_4926ae15_seed2.csv,0.25,5
ga,996efbb9,2,penalized,300,0.2,mixed,0.15,0.9,0.1,0.05,0.4,0.1,A,300,0.7,0.5,strict,24207.0,0,tournament,ga_A_A117_rtr0.50_pm0.10_prs0.40_init0.2_pc0.9_996efbb9_seed0.csv,0.25,5
ga,996efbb9,2,penalized,300,0.2,mixed,0.15,0.9,0.1,0.05,0.4,0.1,A,300,0.7,0.5,strict,24896.0,1,tournament,ga_A_A117_rtr0.50_pm0.10_prs0.40_init0.2_pc0.9_996efbb9_seed1.csv,0.25,5
ga,996efbb9,2,penalized,300,0.2,mixed,0.15,0.9,0.1,0.05,0.4,0.1,A,300,0.7,0.5,strict,23714.0,2,tournament,ga_A_A117_rtr0.50_pm0.10_prs0.40_init0.2_pc0.9_996efbb9_seed2.csv,0.25,5
ga,cb61a6f7,2,penalized,300,1.0,mixed,0.15,0.7,0.1,0.05,0.4,0.1,A,300,0.7,0.5,strict,25532.0,0,tournament,ga_A_A118_rtr0.50_pm0.10_prs0.40_init1.0_pc0.7_cb61a6f7_seed0.csv,0.25,5
ga,cb61a6f7,2,penalized,300,1.0,mixed,0.15,0.7,0.1,0.05,0.4,0.1,A,300,0.7,0.5,strict,25193.0,1,tournament,ga_A_A118_rtr0.50_pm0.10_prs0.40_init1.0_pc0.7_cb61a6f7_seed1.csv,0.25,5
ga,cb61a6f7,2,penalized,300,1.0,mixed,0.15,0.7,0.1,0.05,0.4,0.1,A,300,0.7,0.5,strict,23617.0,2,tournament,ga_A_A118_rtr0.50_pm0.10_prs0.40_init1.0_pc0.7_cb61a6f7_seed2.csv,0.25,5
ga,03892430,2,penalized,300,1.0,mixed,0.15,0.9,0.1,0.05,0.4,0.1,A,300,0.7,0.5,strict,25425.0,0,tournament,ga_A_A119_rtr0.50_pm0.10_prs0.40_init1.0_pc0.9_03892430_seed0.csv,0.25,5
ga,03892430,2,penalized,300,1.0,mixed,0.15,0.9,0.1,0.05,0.4,0.1,A,300,0.7,0.5,strict,25193.0,1,tournament,ga_A_A119_rtr0.50_pm0.10_prs0.40_init1.0_pc0.9_03892430_seed1.csv,0.25,5
ga,03892430,2,penalized,300,1.0,mixed,0.15,0.9,0.1,0.05,0.4,0.1,A,300,0.7,0.5,strict,23592.0,2,tournament,ga_A_A119_rtr0.50_pm0.10_prs0.40_init1.0_pc0.9_03892430_seed2.csv,0.25,5
ga,9cbc123a,2,penalized,300,0.2,mixed,0.15,0.7,0.2,0.05,0.0,0.1,A,300,0.7,0.5,strict,27995.0,0,tournament,ga_A_A120_rtr0.50_pm0.20_prs0.00_init0.2_pc0.7_9cbc123a_seed0.csv,0.25,5
ga,9cbc123a,2,penalized,300,0.2,mixed,0.15,0.7,0.2,0.05,0.0,0.1,A,300,0.7,0.5,strict,27986.0,1,tournament,ga_A_A120_rtr0.50_pm0.20_prs0.00_init0.2_pc0.7_9cbc123a_seed1.csv,0.25,5
ga,9cbc123a,2,penalized,300,0.2,mixed,0.15,0.7,0.2,0.05,0.0,0.1,A,300,0.7,0.5,strict,27461.0,2,tournament,ga_A_A120_rtr0.50_pm0.20_prs0.00_init0.2_pc0.7_9cbc123a_seed2.csv,0.25,5
ga,e5c186a6,2,penalized,300,0.2,mixed,0.15,0.9,0.2,0.05,0.0,0.1,A,300,0.7,0.5,strict,27995.0,0,tournament,ga_A_A121_rtr0.50_pm0.20_prs0.00_init0.2_pc0.9_e5c186a6_seed0.csv,0.25,5
ga,e5c186a6,2,penalized,300,0.2,mixed,0.15,0.9,0.2,0.05,0.0,0.1,A,300,0.7,0.5,strict,27643.0,1,tournament,ga_A_A121_rtr0.50_pm0.20_prs0.00_init0.2_pc0.9_e5c186a6_seed1.csv,0.25,5
ga,e5c186a6,2,penalized,300,0.2,mixed,0.15,0.9,0.2,0.05,0.0,0.1,A,300,0.7,0.5,strict,26796.0,2,tournament,ga_A_A121_rtr0.50_pm0.20_prs0.00_init0.2_pc0.9_e5c186a6_seed2.csv,0.25,5
ga,53886113,2,penalized,300,1.0,mixed,0.15,0.7,0.2,0.05,0.0,0.1,A,300,0.7,0.5,strict,29026.0,0,tournament,ga_A_A122_rtr0.50_pm0.20_prs0.00_init1.0_pc0.7_53886113_seed0.csv,0.25,5
ga,53886113,2,penalized,300,1.0,mixed,0.15,0.7,0.2,0.05,0.0,0.1,A,300,0.7,0.5,strict,29006.0,1,tournament,ga_A_A122_rtr0.50_pm0.20_prs0.00_init1.0_pc0.7_53886113_seed1.csv,0.25,5
ga,53886113,2,penalized,300,1.0,mixed,0.15,0.7,0.2,0.05,0.0,0.1,A,300,0.7,0.5,strict,28507.0,2,tournament,ga_A_A122_rtr0.50_pm0.20_prs0.00_init1.0_pc0.7_53886113_seed2.csv,0.25,5
ga,f6ef21fe,2,penalized,300,1.0,mixed,0.15,0.9,0.2,0.05,0.0,0.1,A,300,0.7,0.5,strict,28725.0,0,tournament,ga_A_A123_rtr0.50_pm0.20_prs0.00_init1.0_pc0.9_f6ef21fe_seed0.csv,0.25,5
ga,f6ef21fe,2,penalized,300,1.0,mixed,0.15,0.9,0.2,0.05,0.0,0.1,A,300,0.7,0.5,strict,28725.0,1,tournament,ga_A_A123_rtr0.50_pm0.20_prs0.00_init1.0_pc0.9_f6ef21fe_seed1.csv,0.25,5
ga,f6ef21fe,2,penalized,300,1.0,mixed,0.15,0.9,0.2,0.05,0.0,0.1,A,300,0.7,0.5,strict,27547.0,2,tournament,ga_A_A123_rtr0.50_pm0.20_prs0.00_init1.0_pc0.9_f6ef21fe_seed2.csv,0.25,5
ga,2e049164,2,penalized,300,0.2,mixed,0.15,0.7,0.2,0.05,0.2,0.1,A,300,0.7,0.5,strict,24472.0,0,tournament,ga_A_A124_rtr0.50_pm0.20_prs0.20_init0.2_pc0.7_2e049164_seed0.csv,0.25,5
ga,2e049164,2,penalized,300,0.2,mixed,0.15,0.7,0.2,0.05,0.2,0.1,A,300,0.7,0.5,strict,25172.0,1,tournament,ga_A_A124_rtr0.50_pm0.20_prs0.20_init0.2_pc0.7_2e049164_seed1.csv,0.25,5
ga,2e049164,2,penalized,300,0.2,mixed,0.15,0.7,0.2,0.05,0.2,0.1,A,300,0.7,0.5,strict,25486.0,2,tournament,ga_A_A124_rtr0.50_pm0.20_prs0.20_init0.2_pc0.7_2e049164_seed2.csv,0.25,5
ga,c05f1549,2,penalized,300,0.2,mixed,0.15,0.9,0.2,0.05,0.2,0.1,A,300,0.7,0.5,strict,24907.0,0,tournament,ga_A_A125_rtr0.50_pm0.20_prs0.20_init0.2_pc0.9_c05f1549_seed0.csv,0.25,5
ga,c05f1549,2,penalized,300,0.2,mixed,0.15,0.9,0.2,0.05,0.2,0.1,A,300,0.7,0.5,strict,24896.0,1,tournament,ga_A_A125_rtr0.50_pm0.20_prs0.20_init0.2_pc0.9_c05f1549_seed1.csv,0.25,5
ga,c05f1549,2,penalized,300,0.2,mixed,0.15,0.9,0.2,0.05,0.2,0.1,A,300,0.7,0.5,strict,23804.0,2,tournament,ga_A_A125_rtr0.50_pm0.20_prs0.20_init0.2_pc0.9_c05f1549_seed2.csv,0.25,5
ga,25e591ee,2,penalized,300,1.0,mixed,0.15,0.7,0.2,0.05,0.2,0.1,A,300,0.7,0.5,strict,26506.0,0,tournament,ga_A_A126_rtr0.50_pm0.20_prs0.20_init1.0_pc0.7_25e591ee_seed0.csv,0.25,5
ga,25e591ee,2,penalized,300,1.0,mixed,0.15,0.7,0.2,0.05,0.2,0.1,A,300,0.7,0.5,strict,26286.0,1,tournament,ga_A_A126_rtr0.50_pm0.20_prs0.20_init1.0_pc0.7_25e591ee_seed1.csv,0.25,5
ga,25e591ee,2,penalized,300,1.0,mixed,0.15,0.7,0.2,0.05,0.2,0.1,A,300,0.7,0.5,strict,25904.0,2,tournament,ga_A_A126_rtr0.50_pm0.20_prs0.20_init1.0_pc0.7_25e591ee_seed2.csv,0.25,5
